pkSeqID,proto,saddr,sport,daddr,dport,seq,stddev,N_IN_Conn_P_SrcIP,min,state_number,mean,N_IN_Conn_P_DstIP,drate,srate,max,attack
3577182,1,3232261270,40888,3758096635,5353,4226,0,18,0,4,0,21,0,0,0,0
3577074,1,3232261270,59124,134744072,53,5436,0.000324,14,0.143855,2,0.144179,14,1533.74231,250000,0.144503,0
3576983,1,3232261267,35391,134744072,53,18127,0,12,0.006987,2,0.006987,10,0,0,0.006987,0
3577095,1,3232261267,60454,3232291074,53,11615,0,6,0,4,0,9,0,0.399823,0,0
3577255,1,3232261267,41246,3232291074,53,26992,0,11,0,4,0,20,0,0.399844,0,0
3577202,4,3232261269,-1,3232261121,-1,4286,0.000026,9,0.000052,2,0.000079,10,0.0031,0.0031,0.000123,0
3577327,1,3232261123,31685,3455829024,53,3735,0,74,0.009492,2,0.009492,2,0,0,0.009492,0
3577155,1,3232261268,43043,134744072,53,31803,0,14,0.007515,2,0.007515,19,0,0,0.007515,0
3577105,1,3232261267,51510,134744072,53,14025,0,18,0.007261,2,0.007261,19,0,0,0.007261,0
3577233,1,3232261270,46295,3232291074,53,17475,0,11,0,4,0,20,0,0.400001,0,0
3576888,4,3232261124,-1,3232261127,-1,12,0.000022,1,0.000199,2,0.000238,1,0.002751,0.002751,0.000261,0
3577266,4,3232261147,-1,3232261121,-1,3060,0.000022,4,0.000068,2,0.000093,10,0.002486,0.002486,0.000122,0
3577279,1,3232261123,52372,3455829623,53,3664,0,29,0.342369,2,0.342369,1,0,0,0.342369,0
3577028,4,3232261267,-1,3232261121,-1,4538,0,6,0.000118,2,0.000118,12,0,0,0.000118,0
3577029,1,3232261124,43089,1539136413,123,4601,0,5,0.221635,2,0.221635,1,0,0,0.221635,0
3577222,1,3232261267,54577,2180654074,123,17005,0,11,0.006957,2,0.006957,1,0,0,0.006957,0
3577208,4,3232261270,-1,3232261121,-1,5337,0.000026,11,0.000078,2,0.000111,10,0.003126,0.003126,0.00014,0
3577089,2,3232261267,51128,873167989,443,10608,0,6,0.822892,6,0.822892,4,15.797942,17.013168,0.822892,0
3577216,1,3232261269,38685,461143546,123,8557,0,9,0.048481,2,0.048481,3,0,0,0.048481,0
3577254,1,3232261269,58139,3232291074,53,26978,0,9,0,4,0,20,0,0.399829,0,0
3577083,1,3232261123,5353,3758096635,5353,9552,0,23,0,4,0,2,0,0,0,0
3577040,1,3232261127,138,3232261375,138,3293,0.000031,5,0.000148,4,0.000191,5,0,0.003432,0.000222,0
3577352,1,3232261123,60668,3455828564,53,3789,0,74,0.284523,2,0.284523,2,0,0,0.284523,0
3577206,1,3232261268,44023,3232291074,53,4285,0,20,0,4,0,20,0,0.4,0,0
3577329,1,3232261123,8277,3324575748,53,3737,0,74,0.173872,2,0.173872,1,0,0,0.173872,0
3576996,2,3232261123,59552,221747785,8883,14,1.190139,20,0.148573,2,3.806379,2,0.802701,0.804054,4.999984,0
3577085,1,3232261269,40353,3232291074,53,9557,0,12,0,4,0,9,0,0.399814,0,0
3577312,1,3232261123,26863,3222035998,53,3718,0,74,0.166182,2,0.166182,4,0,0,0.166182,0
3577273,1,3232261127,365,3232261123,565,9,0.301763,1,0.497184,4,4.906977,4,0,11.294921,4.999999,0
3576957,1,3232261269,40285,3758096635,5353,14527,0,9,0,4,0,24,0,0,0,0
3577154,1,3232261267,50739,3232291074,53,31708,0,18,0,4,0,18,0,0.399814,0,0
3576954,4,3232261121,-1,3232261124,-1,13062,0,3,0.000011,2,0.000011,1,0,0,0.000011,0
3576944,1,3232261123,5353,3758096635,5353,9299,0,20,0,4,0,24,0,0,0,0
3576909,1,3232261270,56155,4294967295,3289,4081,0,14,0,4,0,2,0,0,0,0
3577024,4,3232261270,-1,3232261121,-1,4304,0,14,0.00015,2,0.00015,12,0,0,0.00015,0
3576890,4,3232261121,-1,3232261147,-1,15,0,2,0.000367,2,0.000367,1,0,0,0.000367,0
3577351,1,3232261123,11550,3455829595,53,3788,0,74,0.353115,2,0.353115,4,0,0,0.353115,0
3576969,1,3232261269,38008,3758096635,5353,14565,0,9,0,4,0,24,0,0,0,0
3577144,1,3232261268,55575,3232291074,53,27535,0,14,0,4,0,18,0,0.399996,0,0
3577057,4,3232261270,-1,3232261121,-1,4338,0.000039,14,0.000027,2,0.00009,12,0.004076,0.004076,0.000148,0
3577285,1,3232261123,36007,3455829152,53,3675,0,29,0.009813,2,0.009813,2,0,0,0.009813,0
3576992,1,3232261127,365,3232261123,565,4,0.012232,2,4.89378,4,4.909315,7,0,9.96824,4.999954,0
3577166,2,3232261166,80,3232261125,80,2,0.00779,3,4.950446,2,4.966989,3,0,19.933466,4.999296,0
3577260,1,3232261268,58337,3758096635,5353,1787,0,20,0,4,0,8,0,0,0,0
3577039,2,3232261126,80,3232261123,80,7,0.09645,5,3.505328,2,4.85817,5,0,6.045066,4.978014,0
3576971,1,3232261270,40086,3758096635,5353,14571,0,14,0,4,0,24,0,0,0,0
3577184,1,3232261268,46101,3758096635,5353,4234,0,14,0,4,0,21,0,0,0,0
3577070,1,3232261269,57987,134744072,53,5430,0.000225,12,0.144065,2,0.144295,14,2178.64917,1000000,0.144525,0
3577140,1,3232261267,51507,134744072,53,26529,0,18,0.007745,2,0.007745,19,0,0,0.007745,0
3577338,1,3232261123,24682,3223953950,53,3768,0,74,0.169106,2,0.169106,4,0,0,0.169106,0
3577141,1,3232261270,59372,3232291074,53,27518,0,18,0,4,0,18,0,0.39983,0,0
3576892,1,3232261270,58360,3232291074,53,18,0,3,0,4,0,4,0,0.399984,0,0
3577186,1,3232261267,58307,3758096635,5353,4238,0,18,0,4,0,21,0,0,0,0
3577305,1,3232261123,51163,3339925761,53,3708,0,74,0.2149,2,0.2149,4,0,0,0.2149,0
3577156,1,3232261267,40191,134744072,53,31872,0,18,0.007486,2,0.007486,19,0,0,0.007486,0
3577199,1,3232261270,41879,3758096635,5353,4274,0,18,0,4,0,21,0,0,0,0
3577048,1,3232261123,20603,3455828833,53,4028,0,23,0.283312,2,0.283312,1,0,0,0.283312,0
3576978,1,3232261267,46227,3758096635,5353,14624,0,12,0,4,0,24,0,0,0,0
3576953,1,3232261124,45057,1539136413,123,13060,0,3,0.223549,2,0.223549,1,0,0,0.223549,0
3577271,1,3232261166,3456,3232261125,80,7,0.245391,3,1.348159,2,4.947291,3,20.161507,20.161507,4.999958,0
3577240,1,3232261267,52166,134744072,53,20388,0,11,0.007496,2,0.007496,15,0,0,0.007496,0
3577066,1,3232261268,59210,134744072,53,5424,0.148552,10,0.150115,2,0.298667,14,3.365791,333333.3125,0.447219,0
3577120,2,3232261124,37644,1539136552,443,16915,0.947639,7,0.280803,1,0.952354,2,3.672419,1.134412,2.292517,0
3577270,2,3232261125,0,3232261123,0,4,0.291873,1,0.646335,2,4.912219,4,0,12.279678,4.999986,0
3576947,1,3232261124,5353,3758096635,5353,11519,0,3,0,4,0,24,0,0,0,0
3576976,1,3232261269,43307,3232291074,53,14585,0,9,0,4,0,8,0,0.399993,0,0
3576982,1,3232261268,47113,134744072,53,16883,0,12,0.006982,2,0.006982,10,0,0,0.006982,0
3577045,1,3232261123,39455,3223389196,53,4024,0,23,0.175987,2,0.175987,2,0,0,0.175987,0
3577087,1,3232261270,44061,3232291074,53,9561,0,14,0,4,0,9,0,0.39984,0,0
3577172,2,3232261127,139,3232261124,36390,1899,0.000005,3,0.000018,2,0.000024,2,0.002751,0.002751,0.000033,0
3577084,4,3232261147,-1,3232261121,-1,9555,0.000026,4,0.000123,2,0.000158,12,0.0017,0.0017,0.000186,0
3577339,1,3232261123,11491,3223953950,53,3769,0,74,0.169014,2,0.169014,4,0,0,0.169014,0
3577118,4,3232261124,-1,3232261121,-1,16903,0.000018,7,0.000187,2,0.000212,4,0.003474,0.003474,0.000226,0
3577000,4,3232261121,-1,3232261147,-1,583,0,3,0.000411,2,0.000411,1,0,0,0.000411,0
3577071,2,3232261269,46266,885625706,443,5432,0,12,1.499182,6,1.499182,3,6.670304,8.004365,1.499182,0
3577324,1,3232261123,29264,3455828429,53,3732,0,74,0.320741,2,0.320741,2,0,0,0.320741,0
3577101,1,3.38289E+38,5353,3.38964E+38,5353,13896,0,1,0,4,0,3,0,0,0,0
3576915,1,3232261269,59519,134744072,53,4185,0,9,0.007168,2,0.007168,10,0,0,0.007168,0
3577058,1,3232261270,53344,134744072,53,4341,0,14,0.007516,2,0.007516,14,0,0,0.007516,0
3577185,1,3232261269,40537,3758096635,5353,4237,0,14,0,4,0,21,0,0,0,0
3577251,1,3232261270,39053,3232291074,53,26951,0,11,0,4,0,20,0,0.39983,0,0
3577209,1,3232261270,50684,134744072,53,5338,0,11,0.007446,2,0.007446,15,0,0,0.007446,0
3577353,1,3232261123,39514,3455828564,53,3790,0,74,0.283848,2,0.283848,2,0,0,0.283848,0
3577187,1,3232261270,53016,3758096635,5353,4241,0,18,0,4,0,21,0,0,0,0
3577219,5,3.38289E+38,133,3.38964E+38,0,10181,0,1,0,8,0,3,0,0,0,0
3576974,1,3232261270,57854,3232291074,53,14578,0,14,0,4,0,8,0,0.399821,0,0
3577147,1,3232261268,34894,134744072,53,29634,0,14,0.007931,2,0.007931,19,0,0,0.007931,0
3577236,1,3232261270,34325,134744072,53,17521,0,11,0.007559,2,0.007559,15,0,0,0.007559,0
3577203,1,3232261267,58949,3758096635,5353,4287,0,11,0,4,0,8,0,0,0,0
3577145,1,3232261270,57850,134744072,53,27541,0,18,0.007326,2,0.007326,19,0,0,0.007326,0
3576955,4,3232261124,-1,3232261121,-1,13109,0,3,0.000251,2,0.000251,7,0,0,0.000251,0
3577149,1,3232261270,35242,3232291074,53,31699,0,18,0,4,0,18,0,0.399848,0,0
3577114,1,3232261124,5353,3758096635,5353,16036,0,7,0,4,0,21,0,0,0,0
3577018,4,3232261124,-1,3232261127,-1,485,0.000041,5,0.00016,2,0.000212,2,0.002751,0.002751,0.000262,0
3577128,1,3232261268,56344,134744072,53,21458,0,14,0.007357,2,0.007357,19,0,0,0.007357,0
3576993,2,3232261123,80,3232261175,8080,5,0.006599,20,4.947089,2,4.962064,2,17.942616,17.942616,4.99596,0
3577081,1,3232261147,58999,3232261121,53,9550,0.197141,4,0.180918,2,0.378059,12,0.00085,0.00085,0.5752,0
3577213,1,3232261267,52696,134744072,53,7408,0,11,0.007284,2,0.007284,15,0,0,0.007284,0
3577126,1,3232261269,49994,134744072,53,20493,0,14,0.007082,2,0.007082,19,0,0,0.007082,0
3577350,1,3232261123,26098,3455829595,53,3787,0,74,0.342272,2,0.342272,4,0,0,0.342272,0
3576934,1,3232261123,34560,3339148045,53,6761,0,20,0.016084,2,0.016084,1,0,0,0.016084,0
3577169,1,3232261166,80,3232261125,80,5,0.007544,3,4.950444,4,4.966808,3,0,19.93346,4.997833,0
3577013,2,3232261123,58253,2899909034,443,2292,0.121777,23,0.00594,6,0.092371,2,0.09978,0.123258,0.302119,0
3577007,4,3232261121,-1,3232261123,-1,1980,0,6,0.000103,2,0.000103,5,0,0,0.000103,0
3577130,4,3232261267,-1,3232261121,-1,22461,0.000019,18,0.000106,2,0.00013,4,0.009137,0.009137,0.000152,0
3577038,1,3232261166,3456,3232261125,80,6,0.093033,3,3.560613,2,4.956452,3,18.047657,18.047657,4.999815,0
3577229,1,3232261270,41144,3232291074,53,17425,0,11,0,4,0,20,0,0.400081,0,0
3577111,1,3232261270,42549,4294967295,1124,14292,0,18,0,4,0,2,0,0,0,0
3577127,1,3232261268,35930,3232291074,53,21432,0,14,0,4,0,18,0,0.399838,0,0
3577194,2,3232261123,58258,2899909034,443,3419,0.237046,6,0.005779,6,0.163593,1,0.110874,0.116709,0.571601,0
3577345,1,3232261123,19572,3455828138,53,3780,0,74,0.315647,2,0.315647,2,0,0,0.315647,0
3576930,1,3232261123,14949,3221554673,53,6749,0,20,0.031568,2,0.031568,2,0,0,0.031568,0
3577317,1,3232261123,7368,3455829821,53,3725,0,74,0.352041,2,0.352041,1,0,0,0.352041,0
3577192,1,3232261267,55276,3758096635,5353,4255,0,18,0,4,0,21,0,0,0,0
3577116,4,3232261121,-1,3232261124,-1,16858,0,3,0.000022,2,0.000022,2,0,0,0.000022,0
3577098,1,3232261267,45699,134744072,53,12718,0,6,0.007432,2,0.007432,14,0,0,0.007432,0
3576908,1,3232261267,60865,134744072,53,3089,0,12,0.007666,2,0.007666,10,0,0,0.007666,0
3576972,1,3232261269,51193,3758096635,5353,14574,0,9,0,4,0,24,0,0,0,0
3577238,1,3232261269,49546,134744072,53,18277,0,9,0.007099,2,0.007099,15,0,0,0.007099,0
3577157,1,3232261268,41936,461143546,123,32809,0,14,0.048447,2,0.048447,2,0,0,0.048447,0
3577139,1,3232261268,56727,134744072,53,25534,0,14,0.00733,2,0.00733,19,0,0,0.00733,0
3576900,1,3232261267,43735,3232291074,53,106,0,1,0,4,0,4,0,0.399839,0,0
3577190,1,3232261268,46789,3758096635,5353,4250,0,14,0,4,0,21,0,0,0,0
3577158,1,3232261147,5353,3758096635,5353,32816,0,2,0,4,0,21,0,0,0,0
3577218,1,3232261124,5353,3758096635,5353,9749,0,3,0,4,0,8,0,0,0,0
3576924,2,3232261123,59552,221747785,8883,8,1.272364,20,1.51683,2,3.947982,2,0.897839,0.897839,4.999982,0
3577160,1,3.38289E+38,5353,3.38964E+38,5353,32820,0,1,0,4,0,3,0,0,0,0
3577227,4,3232261147,-1,3232261121,-1,17119,0,4,0.000097,2,0.000097,10,0,0,0.000097,0
3577037,1,3232261127,365,3232261123,565,5,0.096352,5,3.504733,4,4.906859,5,0,10.016953,4.978014,0
3576897,1,3232261268,36138,3232291074,53,63,0,63,0,4,0,4,0,0.399805,0,0
3576886,2,3232261127,139,3232261124,36390,10,0.000008,2,0.000022,2,0.000028,1,0.002751,0.002751,0.000042,0
3577092,4,3232261268,-1,3232261121,-1,11629,0.000033,10,0.000073,2,0.000126,12,0.005073,0.005073,0.000165,0
3577135,1,3232261267,38275,3232291074,53,23527,0,18,0,4,0,18,0,0.399866,0,0
3577051,1,3232261123,48989,3223622673,53,4033,0,23,0.057087,2,0.057087,2,0,0,0.057087,0
3577125,1,3232261269,43314,3232291074,53,20427,0,14,0,4,0,18,0,0.399822,0,0
3577069,2,3232261270,60168,873167989,443,5429,0,14,0.873009,6,0.873009,4,16.036489,17.181953,0.873009,0
3577257,1,3232261268,59637,3758096635,5353,1617,0,20,0,4,0,8,0,0,0,0
3577180,1,3232261123,6313,3222035998,53,3417,0,6,0.164316,2,0.164316,1,0,0,0.164316,0
3577347,1,3232261123,52681,3455828795,53,3784,0,74,0.283913,2,0.283913,2,0,0,0.283913,0
3577043,1,3232261123,44627,1611084098,53,4020,0,23,0.30755,2,0.30755,1,0,0,0.30755,0
3577225,1,3232261124,56155,1539136413,123,17111,0,3,0.219518,2,0.219518,1,0,0,0.219518,0
3577010,1,3232261123,19729,3339148045,53,2289,0,23,0.015746,2,0.015746,2,0,0,0.015746,0
3577224,4,3232261121,-1,3232261147,-1,17095,0,2,0.000336,2,0.000336,1,0,0,0.000336,0
3576894,4,3232261270,-1,3232261121,-1,65,0.000014,3,0.000075,2,0.000091,4,0.001736,0.001736,0.000109,0
3576937,1,3232261126,138,3232261375,138,7836,0,3,0,4,0,3,0,0.001111,0,0
3577177,1,3232261123,4454,3639550474,53,3408,0,6,0.143152,2,0.143152,1,0,0,0.143152,0
3577309,1,3232261123,43980,3455828566,53,3715,0,74,0.294063,2,0.294063,2,0,0,0.294063,0
3577201,1,3232261268,37122,3758096635,5353,4278,0,20,0,4,0,8,0,0,0,0
3576970,1,3232261268,53917,3758096635,5353,14568,0,12,0,4,0,24,0,0,0,0
3577053,2,3232261127,139,3232261124,36390,4076,0.000035,5,0.000016,2,0.000046,3,0.002751,0.002751,0.00011,0
3577244,1,3232261270,50302,134744072,53,22265,0,11,0.007445,2,0.007445,15,0,0,0.007445,0
3577250,1,3232261123,18535,3389791009,53,26869,0,29,0.162404,2,0.162404,2,0,0,0.162404,0
3577012,1,3232261123,2293,3224678942,53,2291,0,23,0.16751,2,0.16751,1,0,0,0.16751,0
3576994,1,3232261166,3456,3232261125,80,6,0.009367,6,4.947263,2,4.962133,7,17.942644,17.942644,4.999143,0
3577088,1,3232261267,58421,134744072,53,10606,0.069088,6,0.219617,2,0.288704,14,7.236885,166666.6563,0.357792,0
3577174,4,3232261121,-1,3232261123,-1,2492,0.000006,3,0.000046,2,0.000052,7,0.000835,0.000835,0.000058,0
3577005,5,3.38289E+38,133,3.38964E+38,0,1294,0,1,0,8,0,3,0,0,0,0
3577023,4,3232261268,-1,3232261121,-1,4300,0,10,0.000158,2,0.000158,12,0,0,0.000158,0
3577181,1,3232261269,50319,3758096635,5353,4210,0,14,0,4,0,21,0,0,0,0
3577099,1,3232261270,34969,134744072,53,13778,0,14,0.007383,2,0.007383,14,0,0,0.007383,0
3576896,1,3232261270,57950,134744072,53,107,0,3,0.007523,2,0.007523,2,0,0,0.007523,0
3576998,2,3232261166,80,3232261125,80,2,0.007897,6,4.946117,2,4.96171,7,0,17.942684,4.998015,0
3577267,2,3232261175,8080,3232261123,80,2,0.231829,1,1.546869,2,4.948982,4,20.161673,20.161673,4.998516,0
3577068,1,3232261270,54010,134744072,53,5427,0.058107,14,0.255255,2,0.313363,14,8.604593,500000,0.37147,0
3577196,1,3232261269,60248,3758096635,5353,4262,0,14,0,4,0,21,0,0,0,0
3576980,1,3232261269,40567,134744072,53,15672,0,9,0.007346,2,0.007346,10,0,0,0.007346,0
3577138,1,3232261269,43017,134744072,53,24543,0,14,0.007419,2,0.007419,19,0,0,0.007419,0
3577104,1,3232261268,43346,134744072,53,13905,0,14,0.007396,2,0.007396,19,0,0,0.007396,0
3577113,2,3232261267,48186,885625706,443,14456,0,18,1.766426,6,1.766426,1,6.793378,6.793378,1.766426,0
3577300,1,3232261123,1285,3221554673,53,3699,0,29,0.027786,2,0.027786,2,0,0,0.027786,0
3577360,1,3232261123,20844,3223277598,53,3816,0,74,0.280742,2,0.280742,2,0,0,0.280742,0
3577137,1,3232261270,34222,134744072,53,23543,0,18,0.006721,2,0.006721,19,0,0,0.006721,0
3577178,1,3232261123,62369,2151612981,53,3411,0,6,0.231634,2,0.231634,2,0,0,0.231634,0
3577055,2,3232261123,35828,598016764,443,4036,0.350856,23,0.155417,6,0.301399,1,0.211536,0.276624,1.160759,0
3577175,1,3232261126,138,3232261375,138,2624,0,2,0,4,0,4,0,0.001111,0,0
3576973,1,3232261267,35790,3758096635,5353,14579,0,12,0,4,0,24,0,0,0,0
3576895,1,3232261127,138,3232261375,138,104,0.000016,2,0.000061,4,0.000077,1,0,0.004119,0.000093,0
3576956,1,3232261270,50232,3758096635,5353,14518,0,14,0,4,0,24,0,0,0,0
3577304,1,3232261123,47714,2627363843,53,3703,0,74,0.012333,2,0.012333,2,0,0,0.012333,0
3577332,1,3232261123,24846,3455828226,53,3759,0,74,0.298522,2,0.298522,2,0,0,0.298522,0
3577228,4,3232261124,-1,3232261121,-1,17135,0,3,0.000216,2,0.000216,10,0,0,0.000216,0
3577052,1,3232261123,65034,3223532318,53,4035,0,23,0.164684,2,0.164684,1,0,0,0.164684,0
3577103,1,3232261267,49347,3232291074,53,13849,0,18,0,4,0,18,0,0.399824,0,0
3576906,1,3.38289E+38,8612,3.38964E+38,8612,3084,0,2,0.010024,4,0.010024,2,0,99.760574,0.010024,0
3576931,1,3232261123,5167,3223532318,53,6750,0,20,0.164368,2,0.164368,1,0,0,0.164368,0
3577022,4,3232261121,-1,3232261270,-1,4287,0,6,0.000065,2,0.000065,1,0,0,0.000065,0
3577343,1,3232261123,8005,3455829454,53,3778,0,74,0.009961,2,0.009961,2,0,0,0.009961,0
3577336,1,3232261123,8333,3339925505,53,3766,0,74,0.258123,2,0.258123,2,0,0,0.258123,0
3577100,1,3232261268,33232,3232291074,53,13769,0,10,0,4,0,9,0,0.399974,0,0
3576985,4,3232261121,-1,3232261125,-1,22200,0,3,0.000134,2,0.000134,7,0,0,0.000134,0
3577288,1,3232261123,44615,3224001822,53,3678,0,29,0.165992,2,0.165992,2,0,0,0.165992,0
3577341,1,3232261123,45138,2627364099,53,3771,0,74,0.01171,2,0.01171,2,0,0,0.01171,0
3576919,1,3232261166,80,3232261125,80,3,0.231518,6,0.710964,4,4.947334,7,0,17.633553,4.991788,0
3577049,1,3232261123,2929,3455829228,53,4030,0,23,0.009264,2,0.009264,1,0,0,0.009264,0
3577204,1,3232261270,51417,3232291074,53,4283,0,11,0,4,0,20,0,0.399825,0,0
3577004,4,3232261269,-1,3232261121,-1,1234,0,12,0.000107,2,0.000107,12,0,0,0.000107,0
3577082,1,3.38289E+38,5353,3.38964E+38,5353,9551,0,1,0,4,0,2,0,0,0,0
3577230,1,3232261269,36265,3232291074,53,17455,0,9,0,4,0,20,0,0,0,0
3576889,1,3232261147,58999,3232261121,53,14,0.08015,2,0.018356,2,0.098505,4,0.001755,0.001755,0.178655,0
3577026,1,3232261267,58264,2180654074,123,4520,0,6,0.007474,2,0.007474,1,0,0,0.007474,0
3576899,1,3232261269,34295,134744072,53,1110,0,26,0.007698,2,0.007698,2,0,0,0.007698,0
3577094,1,3232261268,58134,134744072,53,11631,0,10,0.007183,2,0.007183,14,0,0,0.007183,0
3577109,1,3.38289E+38,8612,3.38964E+38,8610,14266,0,2,0.010023,4,0.010023,2,0,99.770531,0.010023,0
3577241,1,3232261270,39229,3232291074,53,22254,0,11,0,4,0,20,0,0.399835,0,0
3576893,1,3232261269,37214,3232291074,53,41,0,26,0,4,0,4,0,0.399824,0,0
3577006,5,3.38289E+38,133,3.38964E+38,0,1710,0,1,0,8,0,3,0,0,0,0
3577075,2,3232261270,54730,885625706,443,5438,0,14,1.44505,6,1.44505,3,7.612193,8.304211,1.44505,0
3576942,2,3232261123,58240,2899909034,443,8735,0.13648,20,0.006026,6,0.103549,1,0.105203,0.116892,0.338744,0
3577124,1,3232261270,48574,134744072,53,19483,0,18,0.007171,2,0.007171,19,0,0,0.007171,0
3577277,1,3232261123,25744,3224851230,53,3660,0,29,0.169072,2,0.169072,1,0,0,0.169072,0
3577299,1,3232261123,41483,3221554673,53,3698,0,29,0.027934,2,0.027934,2,0,0,0.027934,0
3576920,2,3232261166,80,3232261125,80,4,0.231582,6,0.710952,2,4.947345,7,0,17.889231,4.991786,0
3577031,4,3232261124,-1,3232261121,-1,4619,0,5,0.000232,2,0.000232,12,0,0,0.000232,0
3577183,1,3232261269,41857,3758096635,5353,4230,0,14,0,4,0,21,0,0,0,0
3577311,1,3232261123,61382,3222035998,53,3717,0,74,0.166266,2,0.166266,4,0,0,0.166266,0
3576940,1,3232261123,36332,3339146026,53,8730,0,20,0.01513,2,0.01513,2,0,0,0.01513,0
3577107,1,3232261270,8612,3232261375,8610,14264,0,18,0.0101,4,0.0101,4,0,99.009903,0.0101,0
3576951,5,3.38289E+38,133,3.38964E+38,0,12539,0,1,0,8,0,1,0,0,0,0
3577310,1,3232261123,30187,3455829954,53,3716,0,74,0.340996,2,0.340996,1,0,0,0.340996,0
3577036,2,3232261125,0,3232261123,0,4,0.098533,1,3.455623,2,4.920921,5,0,11.01012,4.997121,0
3577262,1,3232261268,55376,3232291074,53,1835,0,20,0,4,0,20,0,0.399831,0,0
3577065,2,3232261269,56388,873167989,443,5423,0,12,0.82394,6,0.82394,4,16.991529,16.991529,0.82394,0
3576898,4,3232261269,-1,3232261121,-1,13,0.000026,26,0.000115,2,0.000144,4,0.001595,0.001595,0.000179,0
3576925,2,3232261123,80,3232261175,8080,1,0.228494,20,0.768694,2,4.947914,2,17.633553,17.634146,4.999863,0
3577215,5,3.38289E+38,133,3.38964E+38,0,8513,0,1,0,8,0,3,0,0,0,0
3577061,1,3232261269,41708,461143546,123,5411,0,12,0.04841,2,0.04841,4,0,0,0.04841,0
3577287,1,3232261123,52460,3455829152,53,3677,0,29,0.009688,2,0.009688,2,0,0,0.009688,0
3577195,1,3232261270,47923,3758096635,5353,4259,0,18,0,4,0,21,0,0,0,0
3576991,2,3232261125,0,3232261123,0,3,0.026395,7,4.889463,2,4.945239,7,0,10.964783,4.997683,0
3577097,1,3232261269,55957,134744072,53,12689,0,12,0.007815,2,0.007815,14,0,0,0.007815,0
3577303,1,3232261123,60364,3221554673,53,3702,0,74,0.031494,2,0.031494,3,0,0,0.031494,0
3577200,1,3232261269,57220,3232291074,53,4270,0,14,0,4,0,18,0,0.399986,0,0
3576950,1,3232261270,37024,461143546,123,12162,0,14,0.048645,2,0.048645,2,0,0,0.048645,0
3577159,1,3232261270,41729,461143546,123,32819,0,18,0.048631,2,0.048631,2,0,0,0.048631,0
3577020,4,3232261121,-1,3232261268,-1,4280,0,6,0.000058,2,0.000058,1,0,0,0.000058,0
3577164,2,3232261123,59552,221747785,8883,41,1.368135,6,0.006303,2,4.225939,1,0.815743,0.815743,4.999998,0
3576918,1,3232261267,52216,134744072,53,4308,0,12,0.00745,2,0.00745,10,0,0,0.00745,0
3577041,1,3232261126,49680,3758096636,5355,3922,0,5,0.1061,4,0.1061,1,0,9.425071,0.1061,0
3576903,4,3232261267,-1,3232261121,-1,3081,0.000019,12,0.000127,2,0.000144,7,0.001734,0.001734,0.00017,0
3577189,1,3232261270,39239,3758096635,5353,4249,0,18,0,4,0,21,0,0,0,0
3577323,1,3232261123,33597,3455828429,53,3731,0,74,0.325693,2,0.325693,2,0,0,0.325693,0
3576989,1,3232261147,5353,3758096635,5353,23867,0,2,0,4,0,24,0,0,0,0
3577191,1,3232261267,33469,3758096635,5353,4251,0,18,0,4,0,21,0,0,0,0
3577330,1,3232261123,50452,3224851230,53,3743,0,74,0.167449,2,0.167449,1,0,0,0.167449,0
3577067,2,3232261268,53060,873167989,443,5426,0,10,1.525284,6,1.525284,4,9.834234,10.489849,1.525284,0
3577072,1,3232261268,56421,134744072,53,5433,0.000413,10,0.142889,2,0.143302,14,1206.272583,333333.3125,0.143715,0
3576975,1,3232261268,41399,3758096635,5353,14587,0,12,0,4,0,24,0,0,0,0
3577239,1,3232261268,52476,134744072,53,19003,0,20,0.007767,2,0.007767,15,0,0,0.007767,0
3576962,1,3232261267,35795,3758096635,5353,14546,0,12,0,4,0,24,0,0,0,0
3576914,1,3232261270,52938,134744072,53,4139,0,14,0.00725,2,0.00725,10,0,0,0.00725,0
3576949,1,3232261268,53571,461143546,123,12151,0,12,0.048705,2,0.048705,2,0,0,0.048705,0
3577110,1,3232261270,58122,4294967295,3289,14279,0,18,0,4,0,2,0,0,0,0
3577275,1,3232261123,62980,3234588170,53,3653,0,29,0.015835,2,0.015835,2,0,0,0.015835,0
3577096,1,3232261270,54036,3232291074,53,12685,0,14,0,4,0,9,0,0.399802,0,0
3577019,1,3232261268,57942,461143546,123,4279,0,10,0.048622,2,0.048622,4,0,0,0.048622,0
3577302,1,3232261123,44709,3221554673,53,3701,0,74,0.02841,2,0.02841,3,0,0,0.02841,0
3576986,1,3232261125,58787,3232261121,53,22201,0,7,0.00019,2,0.00019,7,0,0,0.00019,0
3577002,4,3232261147,-1,3232261121,-1,599,0.000018,4,0.000061,2,0.000079,12,0.009914,0.009914,0.000096,0
3577035,2,3232261166,80,3232261125,80,3,0.093453,3,3.510904,2,4.95627,3,0,18.047623,4.999456,0
3577112,1,3232261267,57554,134744072,53,14452,0.017699,18,0.144709,2,0.162408,19,28.253374,250000,0.180107,0
3576987,4,3232261125,-1,3232261121,-1,22303,0,7,0.000078,2,0.000078,7,0,0,0.000078,0
3577117,1,3232261124,60001,3232261121,53,16848,0.323125,7,0,2,0.161776,4,0.555538,0.644334,0.808025,0
3576922,1,3232261127,365,3232261123,565,6,0.231947,2,0.655978,4,4.893885,7,0,9.682835,4.999755,0
3576902,1,3232261268,35430,134744072,53,2106,0,12,0.007226,2,0.007226,10,0,0,0.007226,0
3577335,1,3232261123,40306,3223953950,53,3765,0,74,0.169052,2,0.169052,4,0,0,0.169052,0
3577034,1,3232261166,80,3232261125,80,1,0.091445,3,3.56061,4,4.956414,3,0,18.047676,4.99944,0
3576891,4,3232261147,-1,3232261121,-1,16,0.000025,2,0.000097,2,0.000122,4,0.001755,0.001755,0.000146,0
3576926,1,3232261166,3456,3232261125,80,2,0.231615,6,0.710969,2,4.947584,7,17.633553,17.633553,4.999863,0
3577235,1,3232261268,52225,3232291074,53,17492,0,20,0,4,0,20,0,0.399982,0,0
3577308,1,3232261123,43845,3455828566,53,3713,0,74,0.288394,2,0.288394,2,0,0,0.288394,0
3577282,1,3232261123,27190,3225059358,53,3671,0,29,0.015667,2,0.015667,3,0,0,0.015667,0
3576946,1,3232261125,5353,3758096635,5353,9640,0,7,0,4,0,24,0,0,0,0
3577032,2,3232261123,59552,221747785,8883,18,1.251197,23,0.006134,2,4.312233,1,0.90097,0.900972,4.999997,0
3577211,1,3232261268,56826,134744072,53,6382,0,20,0.007017,2,0.007017,15,0,0,0.007017,0
3576907,1,3.38289E+38,8612,3.38964E+38,8610,3085,0,2,0.010023,4,0.010023,2,0,99.770531,0.010023,0
3577079,1,3232261123,60946,3223277598,53,5442,0,23,0.278547,2,0.278547,1,0,0,0.278547,0
3577150,1,3232261269,41747,3232291074,53,31701,0,14,0,4,0,18,0,0.399847,0,0
3577248,1,3232261267,44858,134744072,53,23905,0,11,0.007894,2,0.007894,15,0,0,0.007894,0
3577340,1,3232261123,28397,2627364099,53,3770,0,74,0.011309,2,0.011309,2,0,0,0.011309,0
3576936,2,3232261123,56312,874717965,443,6765,0.331883,20,0.15452,6,0.292655,1,0.210558,0.275345,1.105515,0
3576928,1,3232261123,13392,3455828647,53,6741,0,20,0.27849,2,0.27849,1,0,0,0.27849,0
3576905,1,3232261270,8612,3232261375,8610,3083,0,14,0.010045,4,0.010045,3,0,99.55201,0.010045,0
3577245,1,3232261267,60219,3232291074,53,22262,0,11,0,4,0,20,0,0.399838,0,0
3577359,1,3232261123,59485,3455828634,53,3815,0,74,0.277896,2,0.277896,1,0,0,0.277896,0
3577253,1,3232261268,55090,3232291074,53,26976,0,20,0,4,0,20,0,0.400004,0,0
3577301,1,3232261123,47904,3221554673,53,3700,0,74,0.028228,2,0.028228,3,0,0,0.028228,0
3577170,1,3232261127,365,3232261123,565,6,0.011107,3,4.899937,4,4.917745,7,0,10.963354,4.999032,0
3576959,1,3232261270,33816,3758096635,5353,14536,0,14,0,4,0,24,0,0,0,0
3577346,1,3232261123,45054,3455828795,53,3783,0,74,0.29369,2,0.29369,2,0,0,0.29369,0
3577046,1,3232261123,28950,3223389196,53,4025,0,23,0.17588,2,0.17588,2,0,0,0.17588,0
3576916,1,3232261267,57830,3232291074,53,4137,0,12,0,4,0,8,0,0.399842,0,0
3576967,1,3232261267,44248,3758096635,5353,14561,0,12,0,4,0,24,0,0,0,0
3577320,1,3232261123,60375,3455828681,53,3728,0,74,0.292902,2,0.292902,2,0,0,0.292902,0
3577349,1,3232261123,37002,3455829595,53,3786,0,74,0.347323,2,0.347323,4,0,0,0.347323,0
3577054,4,3232261124,-1,3232261127,-1,4093,0.000032,5,0.000219,2,0.000264,2,0.002751,0.002751,0.000304,0
3577226,4,3232261121,-1,3232261124,-1,17113,0,2,0.000016,2,0.000016,1,0,0,0.000016,0
3577361,1,3232261123,31102,3223277598,53,3817,0,74,0.280513,2,0.280513,2,0,0,0.280513,0
3577326,1,3232261123,8938,3339146026,53,3734,0,74,0.007661,2,0.007661,2,0,0,0.007661,0
3577108,1,3.38289E+38,8612,3.38964E+38,8612,14265,0,2,0.010028,4,0.010028,2,0,99.720779,0.010028,0
3576964,1,3232261268,51781,3758096635,5353,14551,0,12,0,4,0,24,0,0,0,0
3577047,1,3232261123,40757,3223953950,53,4027,0,23,0.167138,2,0.167138,1,0,0,0.167138,0
3577358,1,3232261123,63574,3455828582,53,3809,0,74,0.292003,2,0.292003,2,0,0,0.292003,0
3577231,1,3232261268,60446,3232291074,53,17464,0,20,0,4,0,20,0,0,0,0
3577133,1,3232261270,37178,3232291074,53,23486,0,18,0,4,0,18,0,0.399864,0,0
3576948,1,3.38289E+38,5353,3.38964E+38,5353,11520,0,1,0,4,0,4,0,0,0,0
3577122,1,3232261147,68,3232261121,67,18542,0,2,0.001609,2,0.001609,4,0,0,0.001609,0
3577263,4,3232261268,-1,3232261121,-1,1874,0,20,0.000154,2,0.000154,10,0,0,0.000154,0
3577331,1,3232261123,5250,3224391454,53,3744,0,74,0.193782,2,0.193782,1,0,0,0.193782,0
3577306,1,3232261123,25965,3339925761,53,3709,0,74,0.215046,2,0.215046,4,0,0,0.215046,0
3577030,4,3232261121,-1,3232261124,-1,4602,0,6,0.000012,2,0.000012,3,0,0,0.000012,0
3577264,1,3232261268,37054,134744072,53,1883,0,20,0.007235,2,0.007235,15,0,0,0.007235,0
3577256,1,3232261268,46862,134744072,53,27021,0,20,0.007215,2,0.007215,15,0,0,0.007215,0
3577298,1,3232261123,43648,3224793118,53,3697,0,29,0.197034,2,0.197034,2,0,0,0.197034,0
3577197,1,3232261268,35600,3758096635,5353,4266,0,14,0,4,0,21,0,0,0,0
3577313,1,3232261123,33288,3222035998,53,3719,0,74,0.165992,2,0.165992,4,0,0,0.165992,0
3576943,1,3.38289E+38,5353,3.38964E+38,5353,9298,0,1,0,4,0,4,0,0,0,0
3577281,1,3232261123,36968,3223391774,53,3666,0,29,0.010919,2,0.010919,2,0,0,0.010919,0
3577009,1,3232261123,15681,3639550474,53,2287,0,23,0.14349,2,0.14349,1,0,0,0.14349,0
3577076,1,3232261123,6150,3639550986,53,5439,0,23,0.142401,2,0.142401,1,0,0,0.142401,0
3576887,1,3232261269,51838,461143546,123,11,0,26,0.048565,2,0.048565,1,0,0,0.048565,0
3577033,2,3232261175,8080,3232261123,80,2,0.089902,1,3.560582,2,4.95646,5,18.047676,18.047161,4.999832,0
3576935,1,3232261123,49393,3222035998,53,6762,0,20,0.16424,2,0.16424,1,0,0,0.16424,0
3576979,1,3232261270,49402,134744072,53,14639,0,14,0.007175,2,0.007175,10,0,0,0.007175,0
3577168,1,3232261166,3456,3232261125,80,4,0.007519,3,4.950445,2,4.967142,3,19.93346,19.93346,4.997839,0
3577294,1,3232261123,7938,3223953950,53,3686,0,29,0.1665,2,0.1665,1,0,0,0.1665,0
3577064,1,3232261269,57424,134744072,53,5421,0.060596,12,0.158806,2,0.219402,14,8.067965,362.97641,0.279998,0
3577283,1,3232261123,40018,3225059358,53,3672,0,29,0.015716,2,0.015716,3,0,0,0.015716,0
3577220,1,3232261268,56984,461143546,123,12642,0,20,0.04829,2,0.04829,3,0,0,0.04829,0
3577249,1,3232261123,53586,3389791009,53,26868,0,29,0.15618,2,0.15618,2,0,0,0.15618,0
3577093,1,3232261269,36033,3232291074,53,11613,0,12,0,4,0,9,0,0.399843,0,0
3577134,1,3232261269,56469,3232291074,53,23492,0,14,0,4,0,18,0,0.399819,0,0
3576941,1,3232261123,3144,3224001822,53,8731,0,20,0.164297,2,0.164297,1,0,0,0.164297,0
3576913,1,3232261268,33862,3232291074,53,4134,0,12,0,4,0,8,0,0.399813,0,0
3577318,1,3232261123,17795,3455828921,53,3726,0,74,0.280261,2,0.280261,1,0,0,0.280261,0
3576988,2,3232261125,49859,3232261123,3306,22548,1.349996,7,0.178163,2,1.528159,7,1.078162,0.970346,2.878156,0
3576911,1,3232261270,58610,3232291074,53,4123,0,14,0,4,0,8,0,0.399856,0,0
3577207,1,3232261267,53363,3232291074,53,5335,0,11,0,4,0,20,0,0.400023,0,0
3576968,1,3232261270,32985,3758096635,5353,14562,0,14,0,4,0,24,0,0,0,0
3577223,1,3232261147,58999,3232261121,53,17094,0,4,0.180937,2,0.180937,10,0,0,0.180937,0
3576901,4,3232261268,-1,3232261121,-1,2105,0.00005,12,0.000062,2,0.000129,7,0.001735,0.001735,0.000183,0
3577123,1,3232261270,51525,3232291074,53,19422,0,18,0,4,0,18,0,0.39997,0,0
3577258,1,3232261268,50355,3758096635,5353,1652,0,20,0,4,0,8,0,0,0,0
3577163,1,3232261124,40253,1539136413,123,33724,0,7,0.219862,2,0.219862,1,0,0,0.219862,0
3577237,1,3232261267,42779,3232291074,53,17499,0,11,0,4,0,20,0,0.399832,0,0
3577333,1,3232261123,57683,3455828226,53,3760,0,74,0.314735,2,0.314735,2,0,0,0.314735,0
3577265,1,3232261147,58999,3232261121,53,3027,1.401733,4,0.011294,2,1.413027,10,0.00283,0.002853,2.81476,0
3577078,1,3232261123,24460,3228574724,53,5441,0,23,0.143069,2,0.143069,2,0,0,0.143069,0
3577014,1,3.38289E+38,5353,3.38964E+38,5353,3686,0,1,0,4,0,2,0,0,0,0
3576912,1,3232261269,35915,3232291074,53,4126,0,9,0,4,0,8,0,0.399983,0,0
3577293,1,3232261123,56185,3224678942,53,3685,0,29,0.16695,2,0.16695,1,0,0,0.16695,0
3577188,1,3232261268,59350,3758096635,5353,4245,0,14,0,4,0,21,0,0,0,0
3576904,1,3232261270,8612,3232261375,8612,3082,0,14,0.01005,4,0.01005,3,0,99.502487,0.01005,0
3577315,1,3232261123,55844,3339925761,53,3723,0,74,0.21551,2,0.21551,4,0,0,0.21551,0
3577129,1,3232261267,38514,3232291074,53,22453,0,18,0,4,0,18,0,0.400012,0,0
3577357,1,3232261123,36242,3455828582,53,3808,0,74,0.293476,2,0.293476,2,0,0,0.293476,0
3577056,1,3232261270,59360,3232291074,53,4326,0,14,0,4,0,9,0,0.399998,0,0
3577316,1,3232261123,30179,3339925761,53,3724,0,74,0.214945,2,0.214945,4,0,0,0.214945,0
3577322,1,3232261123,62220,3455829743,53,3730,0,74,0.352904,2,0.352904,2,0,0,0.352904,0
3577355,1,3232261123,1031,3222952990,53,3806,0,74,0.279975,2,0.279975,2,0,0,0.279975,0
3577091,1,3232261270,51145,134744072,53,10612,0,14,0.007221,2,0.007221,14,0,0,0.007221,0
3577162,2,3232261125,49859,3232261123,3306,33188,1.893185,3,0.208133,2,1.86859,7,0.602798,0.625982,4.517715,0
3577210,4,3232261268,-1,3232261121,-1,6340,0.000052,20,0.000046,2,0.000115,10,0.002335,0.002335,0.000191,0
3577269,2,3232261166,80,3232261125,80,3,0.268722,3,0.999551,2,4.944588,3,0,20.617792,4.999988,0
3577179,1,3232261123,50077,2151612981,53,3414,0,6,0.23111,2,0.23111,2,0,0,0.23111,0
3577337,1,3232261123,20916,3339925505,53,3767,0,74,0.257886,2,0.257886,2,0,0,0.257886,0
3577063,4,3232261269,-1,3232261121,-1,5420,0.000024,12,0.000032,2,0.000073,12,0.003524,0.003524,0.000091,0
3577131,1,3232261267,40684,134744072,53,22462,0,18,0.008054,2,0.008054,19,0,0,0.008054,0
3577272,2,3232261126,80,3232261123,80,8,0.058922,1,4.448159,2,4.882988,4,0,6.897131,4.999998,0
3577278,1,3232261123,10538,1611084098,53,3661,0,29,0.315784,2,0.315784,1,0,0,0.315784,0
3577314,1,3232261123,42905,3222035998,53,3720,0,74,0.166014,2,0.166014,4,0,0,0.166014,0
3577090,1,3232261268,46841,3232291074,53,10605,0,10,0,4,0,9,0,0.399819,0,0
3577059,1,3232261270,58220,3232291074,53,5390,0,14,0,4,0,9,0,0.399987,0,0
3577161,1,3232261267,36708,2180654074,123,33492,0,18,0.007321,2,0.007321,1,0,0,0.007321,0
3577292,1,3232261123,15131,3223622673,53,3684,0,29,0.057892,2,0.057892,1,0,0,0.057892,0
3576939,1,3232261123,65040,3339146026,53,8729,0,20,0.015493,2,0.015493,2,0,0,0.015493,0
3577119,2,3232261124,37642,1539136552,443,16900,0.450007,7,0.2888,1,0.607061,2,0.213635,0.271899,1.243466,0
3577003,1,3232261269,35541,461143546,123,1217,0,12,0.049033,2,0.049033,4,0,0,0.049033,0
3576885,4,3232261121,-1,3232261123,-1,9,0.000002,2,0.000004,2,0.000006,85,0.000836,0.000836,0.000007,0
3577008,1,3232261126,138,3232261375,138,1997,0,5,0,4,0,5,0,0.001111,0,0
3576910,1,3232261270,56854,4294967295,1124,4094,0,14,0,4,0,2,0,0,0,0
3577044,1,3232261123,47585,3455828226,53,4021,0,23,0.295126,2,0.295126,1,0,0,0.295126,0
3577295,1,3232261123,4792,3223532318,53,3692,0,29,0.165152,2,0.165152,1,0,0,0.165152,0
3577152,1,3232261270,36951,134744072,53,31709,0,18,0.007909,2,0.007909,19,0,0,0.007909,0
3577319,1,3232261123,26308,3455828681,53,3727,0,74,0.281482,2,0.281482,2,0,0,0.281482,0
3577259,1,3232261268,46152,3758096635,5353,1671,0,20,0,4,0,8,0,0,0,0
3577243,1,3232261269,47269,3232291074,53,22260,0,9,0,4,0,20,0,0.399814,0,0
3576990,1,3.38289E+38,5353,3.38964E+38,5353,23876,0,1,0,4,0,4,0,0,0,0
3577221,1,3232261270,37233,461143546,123,12647,0,11,0.048457,2,0.048457,3,0,0,0.048457,0
3577153,1,3232261269,54806,134744072,53,31738,0,14,0.007011,2,0.007011,19,0,0,0.007011,0
3577176,1,3232261127,138,3232261375,138,2996,0.000086,3,0.000017,4,0.000132,4,0,0.003436,0.000223,0
3577148,1,3232261267,44499,134744072,53,30657,0,18,0.007337,2,0.007337,19,0,0,0.007337,0
3576923,2,3232261125,0,3232261123,0,7,0.235357,7,0.598172,2,4.898582,7,0,10.932437,4.999866,0
3577205,1,3232261269,44604,134744072,53,4292,0,9,0.007491,2,0.007491,15,0,0,0.007491,0
3577027,4,3232261121,-1,3232261267,-1,4521,0,6,0.000055,2,0.000055,1,0,0,0.000055,0
3577247,1,3232261269,41448,134744072,53,23596,0,9,0.007321,2,0.007321,15,0,0,0.007321,0
3577214,5,3.38289E+38,133,3.38964E+38,0,8507,0,1,0,8,0,3,0,0,0,0
3576995,2,3232261126,80,3232261123,80,7,0.009396,3,4.839091,2,4.855529,7,0,5.980901,4.932051,0
3577102,1,3232261125,5353,3758096635,5353,13897,0,3,0,4,0,21,0,0,0,0
3577354,1,3232261123,61030,3222952990,53,3798,0,74,0.288069,2,0.288069,2,0,0,0.288069,0
3576945,1,3.38289E+38,5353,3.38964E+38,5353,9639,0,1,0,4,0,4,0,0,0,0
1507389,1,3232261268,58903,3232261126,80,103646,1.745541,100,0,4,3.022754,100,0,0.247731,4.080436,1
212964,2,3232261270,39385,3232261123,80,211487,0,56,0.092507,1,0.092507,56,0,10.809993,0.092507,1
459426,2,3232261267,42776,3232261127,80,195797,0,100,0,3,0,100,0,0.154393,0,1
648361,1,3232261268,11033,3232261126,80,31084,1.578501,79,0,4,2.731069,79,0,0.23036,3.760488,1
1971740,2,3232261267,25600,3232261123,80,58346,0.290855,93,2.958379,3,3.363633,100,0,0.295049,3.627251,1
1157871,1,3232261269,52721,3232261125,80,16282,1.642602,100,0,4,2.009362,100,0,0.220616,3.495588,1
153457,2,3232261269,33434,3232261125,80,151980,0,100,0,3,0,100,0,0.111213,0,1
2766325,1,3232261270,20975,3232261123,80,137708,2.018341,100,0,4,2.844059,100,0,0.39774,4.475967,1
514800,2,3232261270,19307,3232261123,80,251173,0,100,0.183931,1,0.183931,100,0,5.436821,0.183931,1
3034971,1,3232261267,23549,3232261123,80,144193,1.36743,100,1.976917,4,3.91074,100,0,1.024823,4.884166,1
2332869,2,3232261269,39063,3232261123,80,157329,0.050885,100,3.461662,3,3.512555,100,0,0.283418,3.563448,1
2033813,2,3232261269,52762,3232261123,80,120419,1.915006,32,0,1,2.698743,100,0,0.317405,4.244228,1
1618774,1,3232261269,13323,3232261125,80,215032,0.699276,39,3.288639,4,4.006786,39,0,0.266172,4.782687,1
199251,2,3232261268,57568,3232261126,80,197774,0,78,0,3,0,78,0,0.132734,0,1
345058,2,3232261267,8171,3232261127,80,81428,0,100,0,3,0,100,0,0.109664,0,1
1266056,1,3232261270,55028,3232261123,80,124467,1.79463,100,0,4,3.165481,100,0,0.461412,4.924847,1
620910,1,3232261267,6497,3232261127,80,3633,1.24427,100,0,4,1.758376,100,0,0.306432,2.713296,1
1322776,1,3232261268,59441,3232261126,80,181187,1.884611,33,0,4,3.220964,33,0,0.188179,4.794099,1
3140217,1,3232261270,4625,3232261123,80,249439,1.900266,53,0,4,2.687382,100,0,0.494579,4.031368,1
1809401,2,3232261267,47800,3232261123,80,158160,2.251704,100,0.223953,1,2.475657,100,0.114187,0.296627,4.727361,1
294667,2,3232261267,57276,3232261127,80,31037,0,100,0,3,0,100,0,0.119534,0,1
1555949,1,3232261268,7792,3232261126,80,152206,1.742031,100,0,4,3.017126,100,0,0.239628,4.044731,1
3393727,1,3232261270,25660,3232261123,80,240799,1.920958,100,0,4,2.7166,100,0,0.490762,4.088328,1
711867,1,3232261268,26086,3232261126,80,94590,1.54973,92,0,4,2.684134,92,0,0.235804,3.589661,1
3360814,1,3232261270,10659,3232261123,80,207886,1.923038,100,0,4,2.71955,100,0,0.490688,4.091299,1
364323,2,3232261269,24855,3232261125,80,100693,1.880074,100,0,1,0.966755,100,0.057072,0.119756,4.725977,1
2474471,2,3232261270,17824,3232261123,80,36783,0.078433,91,0,1,0.035076,100,0,0.131137,0.210457,1
264737,2,3232261126,80,3232261268,41510,1107,0.059696,68,0,3,0.026697,68,0,0.134596,0.160182,1
3197724,1,3232261268,45971,3232261123,80,44796,1.308836,30,1.375571,4,3.226444,100,0,0.724697,4.16849,1
2302614,2,3232261267,62865,3232261123,80,127074,1.413049,100,0,3,1.997239,100,0,0.326003,3.05363,1
1134654,1,3232261268,491,3232261126,80,255221,0.026097,100,3.517211,4,3.554379,100,0,0.280223,3.583366,1
1578413,1,3232261267,65008,3232261127,80,174670,0.042586,67,3.633342,4,3.664789,67,0,0.287074,3.738164,1
1543513,1,3232261267,57564,3232261127,80,139770,1.57341,23,0,4,2.725113,23,0,0.24675,3.651987,1
1070416,1,3232261270,22863,3232261123,80,190982,0.033801,100,4.418171,4,4.474082,100,0,0.446541,4.506498,1
1975937,2,3232261270,28838,3232261123,80,62543,2.19379,100,0,3,2.19379,100,0,0.136342,4.38758,1
3646488,2,3232261267,60541,3232261123,20031,23187,0,100,0.000181,1,0.000181,100,0,0,0.000181,1
2828940,1,3232261270,40015,3232261123,80,200323,1.764349,100,0,4,2.460322,100,0,0.437349,4.050352,1
1558612,1,3232261268,9303,3232261126,80,154869,1.742384,100,0,4,3.017669,100,0,0.236788,4.049337,1
3284314,1,3232261267,36891,3232261123,80,131386,0.818996,100,2.987301,4,3.989283,100,0,1.002381,4.993419,1
2427686,2,3232261268,50636,3232261123,80,252146,0.030274,100,3.200689,3,3.23095,100,0,0.316864,3.261211,1
3242825,1,3232261267,12079,3232261123,80,89897,1.414119,100,1.982459,4,3.982225,100,0,1.003254,4.999454,1
1605625,1,3232261267,8662,3232261127,80,201883,0.560168,100,3.622011,4,3.958467,100,0,0.273828,4.928584,1
3140294,1,3232261269,924,3232261123,80,249516,1.906553,47,0,4,2.696273,100,0,0.493216,4.045167,1
1951796,2,3232261267,19264,3232261123,80,38399,0.373222,25,2.91772,1,3.408443,100,0,0.35408,3.822136,1
2278822,2,3232261268,5147,3232261123,80,103282,1.579384,92,0,3,2.228679,100,0,0.305673,3.471178,1
953905,1,3232261270,46057,3232261123,80,74471,1.794825,100,0,4,3.589616,100,0,0.4468,4.494417,1
2197536,2,3232261268,53669,3232261123,80,21994,1.515644,75,0,3,2.127579,100,0,0.309945,3.416808,1
400230,2,3232261267,22921,3232261127,80,136601,1.769231,82,0,3,1.021466,82,0,0.178547,4.085863,1
953949,1,3232261270,46101,3232261123,80,74515,1.794822,100,0,4,3.589611,100,0,0.4468,4.494381,1
992326,1,3232261270,55814,3232261123,80,112892,1.790952,100,0,4,3.581863,100,0,0.4467,4.488933,1
940803,1,3232261269,7320,3232261125,80,61369,0.028147,100,4.086197,4,4.123272,100,0,0.242901,4.1542,1
2671040,1,3232261267,32213,3232261123,80,42423,0.820227,55,2.980196,4,4.01403,100,0,0.82979,4.986526,1
1908802,2,3232261270,63751,3232261123,80,257561,0,100,0,3,0,100,0,0,0,1
2712272,1,3232261268,31443,3232261123,80,83655,0.56785,100,2.756202,4,3.428982,100,0,0.542603,4.145116,1
1450210,1,3232261269,33864,3232261125,80,46467,0.144281,67,3.248396,4,3.390306,67,0,0.282066,3.621355,1
1877736,2,3232261267,64248,3232261123,80,226495,0,11,0.319874,1,0.319874,100,0,3.126231,0.319874,1
3286289,1,3232261268,62574,3232261123,80,133361,0.641786,96,2.779524,4,3.686415,100,0,0.724519,4.17141,1
3539601,1,3232261267,37730,3232261123,80,124520,1.874997,100,0.986818,4,3.638394,100,0,1.005523,4.9809,1
2517630,2,3232261267,11795,3232261123,80,79942,0,100,0,3,0,100,0,0.099929,0,1
266249,2,3232261270,30427,3232261123,80,2619,0.07551,68,0,1,0.07551,68,0,0.069598,0.151019,1
3053024,1,3232261270,43014,3232261123,80,162246,1.896272,100,0,4,2.681734,100,0,0.494543,4.022808,1
1096390,1,3232261267,17951,3232261127,80,216956,0.53046,100,2.5412,4,2.846716,100,0,0.406362,3.906538,1
606345,2,3232261267,29777,3232261127,80,80564,0,84,0,3,0,84,0,0.071458,0,1
3371754,1,3232261269,8185,3232261123,80,218826,1.948146,100,0,4,2.755019,100,0,0.4846,4.150207,1
633158,1,3232261267,18129,3232261127,80,15881,1.244438,65,0,4,1.758472,65,0,0.307185,2.722763,1
2687349,1,3232261268,23406,3232261123,80,58732,0.298808,85,3.503056,4,3.925487,100,0,0.603271,4.146312,1
2040056,2,3232261267,44146,3232261123,80,126662,1.672341,100,0,3,2.363548,100,0,0.288928,3.61824,1
1163418,1,3232261270,29286,3232261123,80,21829,1.674411,84,0,4,3.454245,84,0,0.458199,4.890636,1
3443935,1,3232261269,54405,3232261123,80,28854,1.001674,85,1.974158,4,3.39018,100,0,0.490427,4.132664,1
3200847,1,3232261270,44410,3232261123,80,47919,0.974751,98,2.025492,4,3.403804,100,0,0.490786,4.112932,1
107478,2,3232261270,16405,3232261123,80,106001,0.0488,46,0.054504,1,0.103305,46,0.03809,0.114269,0.152105,1
1412064,1,3232261268,63465,3232261126,80,8321,0.011901,39,4.023422,4,4.042277,39,0,0.247815,4.055565,1
2608002,2,3232261270,38305,3232261123,80,170315,0.067428,100,0,1,0.033714,100,0,0.127305,0.168569,1
2876429,1,3232261270,61416,3232261123,80,247812,0.861359,80,2.304118,4,3.165476,99,0,0.384819,4.026835,1
511717,2,3232261270,16213,3232261123,80,248090,0,100,0.182294,1,0.182294,100,0,5.485644,0.182294,1
1405050,1,3232261270,24246,3232261123,80,1304,1.918819,100,0,4,3.487377,100,0,0.540426,4.827958,1
2521404,2,3232261267,14074,3232261123,80,83716,0,100,0,3,0,100,0,0.079873,0,1
3178594,1,3232261269,35996,3232261123,80,25666,0.994088,100,2.028178,4,3.43364,100,0,0.485514,4.165053,1
1203369,1,3232261267,15654,3232261127,80,61780,0.118808,100,3.630257,4,3.752403,100,0,0.216908,3.914223,1
3352120,1,3232261270,5293,3232261123,80,199192,1.923908,52,0,4,2.720771,100,0,0.490528,4.094779,1
596524,2,3232261270,7954,3232261123,80,70743,0.009247,76,0.141261,1,0.148265,76,0.040279,0.100697,0.161331,1
1222365,1,3232261267,26070,3232261127,80,80776,1.810531,53,0,4,2.21586,53,0,0.215752,3.816492,1
489456,2,3232261270,59516,3232261123,80,225829,0.016645,100,0.144525,1,0.161169,100,0.037383,0.112149,0.177814,1
2183939,2,3232261269,20898,3232261123,80,8391,0.090884,65,3.474669,1,3.571184,100,0,0.353948,3.69295,1
3411359,1,3232261269,29464,3232261123,80,258431,1.937677,79,0,4,2.739718,100,0,0.484498,4.158025,1
411734,2,3232261267,25735,3232261127,80,148105,1.763235,56,0,3,1.018004,56,0,0.178474,4.072017,1
2045275,2,3232261269,55591,3232261123,80,131881,1.939786,100,0,1,2.733528,100,0,0.316959,4.300348,1
1937961,2,3232261268,51523,3232261123,80,24564,1.64547,100,0,3,2.326157,100,0,0.220116,3.544934,1
1657260,2,3232261268,2157,3232261123,80,6019,0.00418,96,0,1,0.00418,100,0,0.208173,0.008359,1
1626962,1,3232261269,16711,3232261125,80,223220,1.70777,100,0,4,2.811112,100,0,0.278986,4.61558,1
2166666,2,3232261270,6567,3232261123,80,253273,1.937303,100,0.181447,1,2.11875,100,0,0.2104,4.056053,1
1104658,1,3232261268,54329,3232261126,80,225224,0.025399,100,3.515243,4,3.553092,100,0,0.280242,3.577135,1
431498,2,3232261267,32222,3232261127,80,167869,0,53,0,3,0,53,0,0.169943,0,1
2488353,2,3232261270,21342,3232261123,80,50665,0.121844,100,0,3,0.099121,100,0.067508,0.155602,0.264262,1
1928575,2,3232261268,49841,3232261123,80,15174,1.633568,91,0,3,2.306624,100,0,0.22046,3.571428,1
136650,2,3232261267,52071,3232261127,80,135173,0,54,0,3,0,54,0,0.118788,0,1
1357669,1,3232261270,18964,3232261123,80,216080,1.742347,76,0,4,3.029893,76,0,0.488731,4.922097,1
3434524,1,3232261267,56916,3232261123,80,19443,0.830615,49,2.932319,4,3.97541,100,0,1.007944,4.964773,1
1774462,2,3232261269,29259,3232261123,80,123221,0,79,0,3,0,100,0,0.097594,0,1
382215,2,3232261268,10620,3232261126,80,118585,0.084117,98,0,3,0.042058,98,0,0.149998,0.210292,1
2693270,1,3232261267,43297,3232261123,80,64653,0.044409,100,3.989953,4,4.028464,100,0,0.833579,4.090706,1
1283191,1,3232261269,742,3232261125,80,141602,1.742962,81,0,4,2.120287,81,0,0.221135,3.901481,1
3335884,1,3232261268,22095,3232261123,80,182956,0.645966,100,2.767936,4,3.680518,100,0,0.653032,4.17292,1
3156444,1,3232261267,46529,3232261123,80,3516,1.408864,60,1.991675,4,3.984108,100,0,1.002979,4.983174,1
1865539,2,3232261269,53567,3232261123,80,214298,0,97,0,3,0,100,0,0,0,1
963401,1,3232261268,28193,3232261126,80,83967,0.011885,74,3.560486,4,3.570381,74,0,0.279803,3.590476,1
547201,2,3232261270,64674,3232261123,80,21419,0.00305,62,0.131225,1,0.133663,62,0.040279,0.100697,0.137964,1
619725,1,3232261267,5312,3232261127,80,2448,1.244614,100,0,4,1.758853,100,0,0.306418,2.714496,1
1369961,1,3232261269,21004,3232261125,80,228372,1.743511,78,0,4,2.114877,78,0,0.240637,3.964345,1
37445,2,3232261269,1966,3232261125,80,35968,0.014688,15,0,1,0.009398,15,0.073918,0.103613,0.03476,1
1639571,1,3232261269,22409,3232261125,80,235829,1.703701,100,0,4,2.808005,100,0,0.279268,4.598677,1
3337310,1,3232261268,23137,3232261123,80,184382,0.643672,100,2.770302,4,3.679671,100,0,0.725608,4.169802,1
56216,2,3232261268,19397,3232261126,80,54739,0.008242,96,0,3,0.004121,96,0,0.127701,0.020604,1
1749351,2,3232261269,22056,3232261123,80,98110,0.073971,64,0,1,0.073971,100,0,0.187315,0.147942,1
902072,1,3232261268,6656,3232261126,80,22638,1.432405,100,0,4,2.864791,100,0,0.280326,3.586653,1
1697615,2,3232261268,16798,3232261123,80,46374,0.060831,46,0.090677,1,0.151507,100,0.097553,0.292659,0.212338,1
436582,2,3232261269,43711,3232261125,80,172953,2.092766,75,0.046211,1,3.003427,75,0,0.170046,4.585278,1
260703,2,3232261269,55356,3232261125,80,259278,0,100,0,3,0,100,0,0.164519,0,1
1300447,1,3232261268,51800,3232261126,80,158858,2.02336,100,0,4,1.651479,100,0,0.188667,4.21401,1
1291861,1,3232261267,55146,3232261127,80,150272,1.812223,100,0,4,1.479387,100,0,0.200508,3.75486,1
3022924,1,3232261267,17956,3232261123,80,132146,1.366485,81,1.979284,4,3.911763,100,0,1.024756,4.886161,1
3498476,1,3232261268,50431,3232261123,80,83395,0.705249,95,2.62693,4,3.623904,100,0,0.736328,4.146847,1
1355442,1,3232261270,18081,3232261123,80,213853,1.744087,100,0,4,3.034176,100,0,0.487417,4.924642,1
1110698,1,3232261267,28035,3232261127,80,231264,0.531577,100,2.540448,4,2.847016,100,0,0.40631,3.909228,1
704934,1,3232261268,24529,3232261126,80,87657,1.552321,100,0,4,2.688693,100,0,0.235114,3.590074,1
575904,2,3232261269,52050,3232261125,80,50122,0,25,0,3,0,25,0,0.050135,0,1
3222279,1,3232261268,52859,3232261123,80,69351,1.303511,100,1.381731,4,3.225024,100,0,0.724671,4.166899,1
3196563,1,3232261270,43582,3232261123,80,43635,0.973327,78,2.025951,4,3.402321,100,0,0.420394,4.10639,1
417,2,3232261267,50326,3232261127,80,425,1.201843,39,0,1,0.849831,39,0.225553,0.142574,2.549494,1
2725018,1,3232261267,51399,3232261123,80,96401,0.02187,47,3.956682,4,3.987507,100,0,0.846626,4.004887,1
2791823,1,3232261269,27447,3232261123,80,163206,0.08541,30,4.055259,4,4.140681,100,0,0.386866,4.226103,1
1552938,1,3232261268,5741,3232261126,80,149195,1.717974,69,0.054385,4,3.029806,69,0,0.242177,4.043011,1
364085,2,3232261268,1553,3232261126,80,100455,0.010952,39,0,1,0.008815,39,0.055752,0.164048,0.024945,1
79893,2,3232261268,25762,3232261126,80,78416,0,69,0,3,0,69,0,0.128219,0,1
3332745,1,3232261268,20108,3232261123,80,179817,0.644336,100,2.76939,4,3.679663,100,0,0.72559,4.170937,1
2184322,2,3232261269,21707,3232261123,80,8774,0.085289,34,3.476325,1,3.57275,100,0,0.354208,3.683723,1
1515815,1,3232261269,49120,3232261125,80,112072,0.080715,100,3.270702,4,3.350209,100,0,0.283854,3.479769,1
1749794,2,3232261269,22230,3232261123,80,98553,0,100,0,3,0,100,0,0.095125,0,1
1909010,2,3232261270,63857,3232261123,80,257769,0,100,0,3,0,100,0,0,0,1
1122699,1,3232261269,50871,3232261125,80,243266,0.02141,18,4.089032,4,4.112566,18,0,0.243328,4.140773,1
744694,1,3232261268,33332,3232261126,80,127417,1.552256,15,0,4,2.688549,15,0,0.23975,3.59154,1
2820891,1,3232261270,37348,3232261123,80,192274,1.802494,100,0,4,2.531919,100,0,0.343649,4.053843,1
1532304,1,3232261269,53132,3232261125,80,128561,0.08139,100,3.262158,4,3.342072,100,0,0.284089,3.474467,1
71238,2,3232261267,35304,3232261127,80,69761,0,97,0,3,0,97,0,0.125109,0,1
2320254,2,3232261267,1003,3232261123,80,144714,1.414622,78,0,3,1.998212,100,0,0.323495,3.081544,1
1973632,2,3232261267,26611,3232261123,80,60238,0.284819,100,2.966416,3,3.354223,100,0,0.294482,3.642402,1
2870621,1,3232261270,58559,3232261123,80,242004,0.222631,100,4.037425,4,4.260061,100,0,0.474419,4.482697,1
2731085,1,3232261268,36256,3232261123,80,102468,0.905891,100,2.758236,4,3.952039,100,0,0.616109,4.951538,1
493889,2,3232261270,63944,3232261123,80,230262,0,100,0.182569,1,0.182569,100,0,5.477381,0.182569,1
1080742,1,3232261267,4799,3232261127,80,201308,0.02334,100,2.543918,4,2.581653,100,0,0.386568,2.609895,1
963601,1,3232261267,48675,3232261127,80,84167,0.433957,66,1.420508,4,2.390604,66,0,0.404194,2.596535,1
1625262,1,3232261269,15971,3232261125,80,221520,1.708912,89,0,4,2.810935,89,0,0.278952,4.621732,1
1674602,2,3232261267,14666,3232261123,80,23361,0.0137,48,0,1,0.0137,100,0,0.211113,0.0274,1
1085437,1,3232261267,8918,3232261127,80,206003,0.533013,100,2.542904,4,2.847252,100,0,0.406346,3.91223,1
1105875,1,3232261267,24748,3232261127,80,226441,0.531424,41,2.540947,4,2.846951,41,0,0.406331,3.908879,1
128530,2,3232261267,50034,3232261127,80,127053,0,100,0,3,0,100,0,0.117843,0,1
3025240,1,3232261268,11686,3232261123,80,134462,0.633881,52,2.759357,4,3.655798,100,0,0.729454,4.104387,1
713071,1,3232261269,16647,3232261125,80,95794,1.962103,100,0,4,2.774596,100,0,0.159625,4.19324,1
1384229,1,3232261269,31482,3232261125,80,242641,1.702077,100,0,4,2.071688,100,0,0.25043,3.798011,1
2212427,2,3232261269,7466,3232261123,80,36886,1.729948,66,0,1,2.445487,100,0,0.353463,3.729686,1
225846,2,3232261269,59907,3232261125,80,224369,0,100,0,3,0,100,0,0.113691,0,1
2551868,2,3232261268,10337,3232261123,80,114181,1.913875,100,0,1,1.027176,100,0.037914,0.139816,4.848446,1
2425356,2,3232261269,61877,3232261123,80,249816,0.128267,100,3.379412,3,3.507679,100,0,0.284033,3.635946,1
2020293,2,3232261268,41318,3232261123,80,106899,0.159309,99,3.365158,1,3.53204,100,0.177559,0.474632,3.746563,1
1614296,1,3232261269,11533,3232261125,80,210554,0.629823,100,3.289523,4,3.938294,100,0,0.268918,4.628362,1
146469,2,3232261269,31589,3232261125,80,144992,0,100,0,3,0,100,0,0.110342,0,1
3142464,1,3232261270,6253,3232261123,80,251686,1.899806,100,0,4,2.686731,100,0,0.494655,4.031653,1
67661,2,3232261270,8280,3232261123,80,66184,0.044525,50,0.050652,1,0.095176,50,0.041353,0.124058,0.139701,1
965128,1,3232261269,14684,3232261125,80,85694,0.027718,100,4.081608,4,4.11589,100,0,0.243007,4.149552,1
1310407,1,3232261270,3007,3232261123,80,168818,1.755225,100,0,4,3.065283,100,0,0.464235,4.922519,1
3521827,1,3232261267,30171,3232261123,80,106746,1.870375,100,0.991939,4,3.636928,100,0,0.927742,4.981344,1
706172,1,3232261269,15124,3232261125,80,88895,1.955714,100,0,4,2.765693,100,0,0.159172,4.169295,1
2463389,2,3232261270,15915,3232261123,80,25701,0.126652,30,0,1,0.089011,100,0.031679,0.152931,0.291198,1
1941177,2,3232261269,33752,3232261123,80,27780,0.014765,89,3.991662,1,4.010399,100,0,0.312149,4.027985,1
2699670,1,3232261268,28168,3232261123,80,71053,1.949021,100,0,4,2.756321,100,0,0.538866,4.141249,1
3560601,1,3232261267,44725,3232261123,80,145520,2.347201,23,0,4,3.319442,100,0,0.928242,4.98249,1
274027,2,3232261267,50332,3232261127,80,10397,0,100,0,3,0,100,0,0.123312,0,1
543156,2,3232261267,14061,3232261127,80,17374,0,100,0,3,0,100,0,0.068089,0,1
2576457,2,3232261268,22532,3232261123,80,138770,0.102593,80,0,1,0.051297,100,0,0.11387,0.256483,1
1856466,2,3232261270,46923,3232261123,80,205225,0,100,0.240469,1,0.240469,100,0,4.15854,0.240469,1
2837207,1,3232261268,1080,3232261123,80,208590,2.108146,33,0,4,2.959887,100,0,0.686866,4.749215,1
1283237,1,3232261269,788,3232261125,80,141648,1.745659,100,0,4,2.124011,100,0,0.221001,3.901479,1
1049959,1,3232261270,11622,3232261123,80,170525,1.790122,100,0,4,3.58003,100,0,0.446604,4.490061,1
770142,1,3232261268,39053,3232261126,80,152865,1.556733,72,0,4,2.696282,72,0,0.243552,3.607703,1
1958025,2,3232261267,21389,3232261123,80,44630,1.51888,100,0,1,2.624759,100,0,0.354502,3.631817,1
912128,1,3232261267,38914,3232261127,80,32694,0.532429,62,2.55453,4,2.843706,62,0,0.367758,3.90814,1
1722499,2,3232261269,14744,3232261123,80,71258,0,52,0,3,0,100,0,0.094654,0,1
2043962,2,3232261267,44802,3232261123,80,130568,1.709736,52,0,1,2.412495,100,0,0.36231,3.759087,1
3043655,1,3232261267,27250,3232261123,80,152877,1.369611,66,1.97283,4,3.909736,100,0,1.025024,4.885028,1
2016473,2,3232261270,37751,3232261123,80,103079,0.101041,99,4.030741,3,4.131782,100,0,0.20629,4.232823,1
3502368,1,3232261267,20416,3232261123,80,87287,0.932926,100,2.983132,4,4.302185,100,0,0.93794,4.986253,1
3412004,1,3232261270,34168,3232261123,80,259076,1.928541,89,0,4,2.72736,100,0,0.490705,4.097306,1
2104494,2,3232261268,38283,3232261123,80,191100,1.860066,100,0,3,2.556368,100,0,0.274899,4.371678,1
2049066,2,3232261270,44239,3232261123,80,135672,0.095201,79,3.979989,3,4.07519,100,0,0.206898,4.170391,1
3410414,1,3232261269,28903,3232261123,80,257486,1.937465,100,0,4,2.739419,100,0,0.484498,4.157542,1
3412767,1,3232261270,34547,3232261123,80,259839,1.928528,100,0,4,2.727341,100,0,0.490701,4.097209,1
3657500,3,3232261125,771,3232261268,14528,35066,0,24,0,5,0,7,0,0,0,1
414766,2,3232261267,26441,3232261127,80,151137,1.746177,78,0,3,1.008156,78,0,0.178686,4.032623,1
2188765,2,3232261267,14884,3232261123,80,13217,0.068071,96,3.048245,1,3.103493,100,0,0.402494,3.199385,1
3664276,2,3232261269,33626,3232261125,5432,5007,0,100,0.00373,1,0.00373,100,0,0,0.00373,1
1421212,1,3232261270,33112,3232261123,80,17469,1.22205,100,1.740891,4,4.184884,100,0,0.586633,4.813751,1
2788021,1,3232261270,26489,3232261123,80,159404,1.961363,100,0,4,2.771426,100,0,0.404701,4.256203,1
979802,1,3232261269,19182,3232261125,80,100368,1.783537,100,0,4,3.088947,100,0,0.230697,4.148995,1
1166079,1,3232261268,25163,3232261126,80,24490,2.053084,100,0,4,1.675134,100,0,0.190779,4.310725,1
225626,2,3232261269,59666,3232261125,80,224149,0,100,0,3,0,100,0,0.113526,0,1
1606241,1,3232261269,8278,3232261125,80,202499,0.550632,81,3.285397,4,3.811131,81,0,0.274153,4.628,1
481058,2,3232261270,51045,3232261123,80,217431,0.020194,100,0.118684,1,0.138877,100,0.035987,0.107962,0.159071,1
1490436,1,3232261267,42497,3232261127,80,86693,0.506952,100,2.500375,4,3.374982,100,0,0.287126,3.739191,1
2608480,2,3232261268,37510,3232261123,80,170793,0.133401,100,0,1,0.208408,100,0.083696,0.176303,0.371883,1
3032299,1,3232261267,22413,3232261123,80,141521,1.367211,100,1.977547,4,3.91106,100,0,1.024787,4.88462,1
194299,2,3232261269,44622,3232261125,80,192822,0,100,0,3,0,100,0,0.117417,0,1
3426603,1,3232261270,58144,3232261123,80,11522,0.968794,100,2.010113,4,3.380194,100,0,0.493322,4.065274,1
3225379,1,3232261269,46398,3232261123,80,72451,0.992687,33,2.025425,4,3.428935,100,0,0.485872,4.158233,1
1742466,2,3232261269,20126,3232261123,80,91225,0,100,0,3,0,100,0,0.094161,0,1
533537,2,3232261268,50413,3232261126,80,7755,0.020976,69,0,1,0.020666,69,0.017835,0.053514,0.046414,1
2860938,1,3232261269,53532,3232261123,80,232321,0.334046,72,4.048089,4,4.382138,100,0,0.463205,4.716187,1
1945364,2,3232261269,34777,3232261123,80,31967,1.905112,100,0,3,2.694208,100,0,0.250046,4.051739,1
3661015,3,3232261125,771,3232261268,4864,1552,0,42,0,5,0,11,0,0,0,1
2680915,1,3232261267,37212,3232261123,80,52298,0.455009,23,3.978841,4,4.35257,100,0,0.842465,4.993084,1
484168,2,3232261270,54188,3232261123,80,220541,0.028088,100,0.124099,1,0.152187,100,0.036588,0.109765,0.180275,1
2514506,2,3232261267,9684,3232261123,80,76818,2.412256,100,0,1,2.412256,100,0,0.153019,4.824512,1
2085041,2,3232261267,55254,3232261123,80,171647,1.749419,100,0,1,2.473496,100,0,0.365045,3.755673,1
30044,2,3232261268,10722,3232261126,80,28567,0,100,0,3,0,100,0,0.127529,0,1
1729116,2,3232261267,28179,3232261123,80,77875,2.325528,96,0,3,2.325528,100,0,0.137711,4.651057,1
3272085,1,3232261270,55266,3232261123,80,119157,0.968413,100,2.033233,4,3.402632,100,0,0.490789,4.104544,1
1014672,1,3232261269,29484,3232261125,80,135238,1.782589,100,0,4,3.087232,100,0,0.230716,4.141636,1
1421303,1,3232261270,33203,3232261123,80,17560,1.220592,100,1.744453,4,4.185558,100,0,0.58665,4.813481,1
987875,1,3232261268,34235,3232261126,80,108441,0.021373,42,3.548626,4,3.568342,42,0,0.279885,3.603585,1
2292919,2,3232261269,30407,3232261123,80,117379,1.605347,63,0.162746,1,2.431361,100,0.273778,0.464987,3.641494,1
332171,2,3232261269,15039,3232261125,80,68541,0.033154,100,0,1,0.019142,100,0,0.094334,0.076566,1
2731165,1,3232261269,11740,3232261123,80,102548,2.104258,65,0,4,2.946815,100,0,0.387275,4.779471,1
716694,1,3232261267,41999,3232261127,80,99417,1.221799,92,0,4,1.722051,92,0,0.344872,2.750978,1
1088625,1,3232261267,11722,3232261127,80,209191,0.53321,100,2.54187,4,2.847069,100,0,0.406353,3.91241,1
860246,1,3232261268,63273,3232261126,80,242969,1.68775,47,0,4,2.873168,47,0,0.26782,4.338561,1
623800,1,3232261267,9387,3232261127,80,6523,1.244394,100,0,4,1.758531,100,0,0.306464,2.714873,1
526141,2,3232261270,60482,3232261123,80,358,0.026659,76,0.128026,1,0.151993,76,0.040656,0.101251,0.189181,1
2409185,2,3232261268,44611,3232261123,80,233645,0.118548,33,3.091982,3,3.210534,100,0,0.314192,3.329085,1
1703720,2,3232261267,22532,3232261123,80,52479,2.485688,25,0,3,2.485688,100,0,0.134851,4.971376,1
1360234,1,3232261269,16335,3232261125,80,218645,1.758672,100,0,4,2.129601,100,0,0.236135,4.03044,1
152631,2,3232261269,33264,3232261125,80,151154,0,100,0,3,0,100,0,0.11112,0,1
3153049,1,3232261268,32410,3232261123,80,114,0.642403,100,2.783487,4,3.691908,100,0,0.723492,4.156354,1
2838211,1,3232261268,1316,3232261123,80,209594,2.098593,100,0,4,2.94772,100,0,0.689008,4.720499,1
66081,2,3232261269,9639,3232261125,80,64604,0.017213,100,0,3,0.009938,100,0,0.10437,0.039751,1
1718605,2,3232261268,21598,3232261123,80,67364,0.05127,100,0,1,0.05127,100,0,0.19756,0.102539,1
2420311,2,3232261268,47336,3232261123,80,244771,0.025052,100,3.15704,3,3.182077,100,0,0.317339,3.207114,1
3016802,1,3232261270,39396,3232261123,80,126024,1.897595,83,0,4,2.683602,100,0,0.494564,4.028117,1
783384,1,3232261270,45481,3232261123,80,166107,0.179007,100,4.236223,4,4.498693,100,0,0.401737,4.73033,1
1005757,1,3232261269,26905,3232261125,80,126323,1.7823,94,0,4,3.086627,94,0,0.230682,4.155499,1
2459761,2,3232261267,54648,3232261123,80,22073,1.068513,90,0,1,0.89261,100,0,0.123757,2.394857,1
352874,2,3232261268,64336,3232261126,80,89244,0.008787,85,0,1,0.00717,85,0.052838,0.163919,0.018419,1
16125,2,3232261268,3725,3232261126,80,14648,0.015096,51,0,3,0.007548,51,0,0.127979,0.037739,1
2385902,2,3232261270,55124,3232261123,80,210362,0.032011,29,3.661605,3,3.693616,100,0,0.266324,3.725627,1
3212326,1,3232261270,46995,3232261123,80,59398,0.96878,84,2.0327,4,3.402619,100,0,0.490654,4.104826,1
3006904,1,3232261268,4995,3232261123,80,116126,0.632933,100,2.7622,4,3.657302,100,0,0.729348,4.104999,1
977519,1,3232261267,51265,3232261127,80,98085,0.435285,100,1.42047,4,2.393302,100,0,0.404267,2.600983,1
3485508,1,3232261267,10844,3232261123,80,70427,1.251737,100,2.310076,4,4.08006,100,0,0.982251,4.990372,1
964478,1,3232261267,48784,3232261127,80,85044,0.438581,66,1.410344,4,2.390775,66,0,0.404356,2.596582,1
1683864,2,3232261269,4841,3232261123,80,32623,0,100,0,3,0,100,0,0.094535,0,1
1814782,2,3232261270,36424,3232261123,80,163541,0,89,0,3,0,100,0,0,0,1
2269143,2,3232261268,43531,3232261123,80,93602,0.155075,47,2.954408,1,3.149563,100,0,0.398793,3.333792,1
538217,2,3232261270,62796,3232261123,80,12435,0.02417,82,0.140113,1,0.163785,82,0.040317,0.100794,0.196975,1
612645,2,3232261270,11180,3232261123,80,86864,0.027141,100,0.119701,1,0.156095,100,0.040206,0.100516,0.184853,1
3021655,1,3232261267,17263,3232261123,80,130877,1.366917,63,1.978537,4,3.911623,100,0,1.024808,4.887206,1
3443716,1,3232261268,37297,3232261123,80,28635,0.644959,100,2.757625,4,3.669163,100,0,0.728751,4.152874,1
3118705,1,3232261270,58687,3232261123,80,227927,1.899859,100,0,4,2.686806,100,0,0.494927,4.030625,1
2400242,2,3232261268,41872,3232261123,80,224702,1.524895,100,0,3,2.153103,100,0,0.318871,3.334859,1
3356524,1,3232261270,7393,3232261123,80,203596,1.92347,68,0,4,2.720156,100,0,0.408877,4.093286,1
2966905,1,3232261269,27849,3232261123,80,76127,0.950984,100,2.037121,4,3.381996,100,0,0.493162,4.060674,1
1843564,2,3232261268,52318,3232261123,80,192323,0,100,0,3,0,100,0,0,0,1
1764710,2,3232261267,37344,3232261123,80,113469,2.398792,100,0,1,2.398792,100,0,0.208453,4.797584,1
3614334,2,3232261270,58360,3232261123,80,19763,0,32,0.214933,6,0.214933,100,181.451904,134.925766,0.214933,1
736951,1,3232261267,46353,3232261127,80,119674,1.553907,73,0,4,2.54229,73,0,0.348202,4.907276,1
367895,2,3232261268,2501,3232261126,80,104265,0.006975,85,0,1,0.005692,85,0.055728,0.163925,0.014631,1
346193,2,3232261269,18930,3232261125,80,82563,2.024361,100,0,3,1.168765,100,0,0.123311,4.675061,1
2850075,1,3232261270,48438,3232261123,80,221458,0.416935,100,4.036861,4,4.453796,100,0,0.457843,4.870731,1
2191971,2,3232261270,9661,3232261123,80,16423,1.727409,35,0,1,2.436262,100,0,0.358687,3.810545,1
943178,1,3232261267,44829,3232261127,80,63744,0.44076,100,1.402171,4,2.387433,100,0,0.404283,2.601777,1
3320779,1,3232261268,12017,3232261123,80,167851,0.645068,100,2.7703,4,3.681664,100,0,0.725218,4.17246,1
810920,1,3232261267,62692,3232261127,80,193643,1.045786,100,0,4,2.09031,100,0,0.323716,2.674724,1
457568,2,3232261270,43176,3232261123,80,193939,0.027223,100,0.114982,1,0.142206,100,0.035366,0.106099,0.169429,1
1136738,1,3232261269,58571,3232261125,80,257305,0.025426,100,4.0621,4,4.094268,100,0,0.243529,4.124407,1
921855,1,3232261267,40960,3232261127,80,42421,0.444778,91,1.389025,4,2.383152,91,0,0.40443,2.604255,1
2642193,1,3232261267,15516,3232261123,80,13576,0.458433,100,3.992885,4,4.338528,100,0,0.83847,4.986364,1
2437113,2,3232261269,219,3232261123,80,261573,0.118837,100,3.355476,3,3.474317,100,0,0.284688,3.593157,1
806123,1,3232261269,37704,3232261125,80,188846,2.108454,100,0,4,2.107403,100,0,0.212593,4.308907,1
1826099,2,3232261270,39541,3232261123,80,174858,0,100,0,3,0,100,0,0,0,1
1442544,1,3232261268,48695,3232261126,80,38801,1.74779,100,0,4,3.026651,100,0,0.247671,4.0858,1
2473005,2,3232261267,58303,3232261123,80,35317,1.130726,64,0,1,0.926016,100,0,0.121189,2.518042,1
2623749,2,3232261270,42173,3232261123,80,186062,0.139463,71,0,1,0.113186,100,0.046401,0.152009,0.307113,1
3208598,1,3232261268,48973,3232261123,80,55670,0.639244,100,2.773721,4,3.228996,100,0,0.651544,4.133016,1
1664449,2,3232261267,9749,3232261123,80,13208,0.007534,71,0,1,0.007534,100,0,0.21577,0.015068,1
2324681,2,3232261269,38475,3232261123,80,149141,0.05748,51,3.47131,3,3.528783,100,0,0.282678,3.586256,1
2023729,2,3232261268,9242,3232261123,80,110335,1.900688,33,0,3,2.636602,100,0,0.271736,4.407859,1
2540779,2,3232261267,23266,3232261123,80,103092,0,67,0,3,0,100,0,0.075039,0,1
587215,2,3232261269,57209,3232261125,80,61434,0,79,0,3,0,79,0,0.054224,0,1
1115434,1,3232261268,56730,3232261126,80,236000,0.031354,100,3.500767,4,3.548635,100,0,0.280424,3.585992,1
3571610,1,3232261268,62004,3232261123,80,156529,0.747886,78,2.533807,4,3.59128,100,0,0.741163,4.137745,1
1766759,2,3232261268,33119,3232261123,80,115518,0,73,0,3,0,100,0,0.09997,0,1
767927,1,3232261267,53250,3232261127,80,150650,0.930935,83,2.559311,4,3.072829,83,0,0.353987,4.933103,1
2775718,1,3232261269,23103,3232261123,80,147101,1.996522,100,0,4,2.816451,100,0,0.398752,4.397462,1
1002907,1,3232261269,26167,3232261125,80,123473,1.78045,100,0,4,3.083501,100,0,0.230672,4.145131,1
1558097,1,3232261269,60590,3232261125,80,154354,0.569402,100,3.275151,4,3.69233,100,0,0.323628,4.663543,1
1670782,2,3232261268,8957,3232261123,80,19541,0.059968,84,0.025701,1,0.085669,100,0.100982,0.302946,0.145637,1
2352304,2,3232261267,18280,3232261123,80,176764,1.48502,100,0,1,2.099734,100,0,0.403196,3.18519,1
2109955,2,3232261268,39218,3232261123,80,196561,1.837533,100,0,3,2.532673,100,0,0.275315,4.302962,1
420059,2,3232261267,27748,3232261127,80,156430,1.740563,64,0,3,1.004914,64,0,0.178691,4.019657,1
3158772,1,3232261270,35945,3232261123,80,5844,0.981432,56,2.011581,4,3.399252,100,0,0.49118,4.117421,1
1998463,2,3232261267,33847,3232261123,80,85069,0.262557,36,2.977863,3,3.340746,100,0,0.296073,3.590315,1
3175254,1,3232261268,39159,3232261123,80,22326,0.646103,100,2.775303,4,3.688876,100,0,0.723844,4.160202,1
211581,2,3232261270,38756,3232261123,80,210104,0,24,0.069484,1,0.069484,24,0,14.391802,0.069484,1
2501980,2,3232261267,733,3232261123,80,64292,1.278762,42,0,3,1.278762,100,0,0.058096,2.557525,1
1101874,1,3232261268,53849,3232261126,80,222440,0.033656,73,3.497763,4,3.548532,73,0,0.280436,3.590891,1
1157584,1,3232261270,26908,3232261123,80,15995,1.660731,68,0,4,3.442221,68,0,0.457929,4.901015,1
1459994,1,3232261270,3922,3232261123,80,56251,1.924885,69,0,4,3.848275,69,0,0.623953,4.912517,1
1738558,2,3232261267,31154,3232261123,80,87317,2.305458,100,0,3,2.305458,100,0,0.13751,4.610916,1
3439304,1,3232261267,58149,3232261123,80,24223,0.841616,100,2.911409,4,3.970088,100,0,1.009559,4.970462,1
1289780,1,3232261270,62124,3232261123,80,148191,1.769517,100,0,4,3.107872,100,0,0.461403,4.909973,1
1190510,1,3232261268,31682,3232261126,80,48921,2.05173,48,0,4,1.674039,48,0,0.190499,4.307414,1
2673917,1,3232261267,33603,3232261123,80,45300,0.455723,100,3.97989,4,4.34866,100,0,0.841311,4.990792,1
359342,2,3232261270,37157,3232261123,80,95712,0.013276,42,0.128392,1,0.141668,42,0.03472,0.103697,0.154944,1
3257807,1,3232261267,22277,3232261123,80,104879,0.95181,100,2.970804,4,3.648431,100,0,0.931452,4.994483,1
764431,1,3232261270,39150,3232261123,80,147154,0.10969,61,4.461315,4,4.557209,61,0,0.396448,4.735172,1
970523,1,3232261267,50029,3232261127,80,91089,0.432061,78,1.426562,4,2.392372,78,0,0.404135,2.598528,1
682161,1,3232261268,19506,3232261126,80,64884,1.563192,46,0,4,2.706964,46,0,0.232994,3.660999,1
3368181,1,3232261269,6037,3232261123,80,215253,1.952252,54,0,4,2.760886,100,0,0.484553,4.148846,1
1178590,1,3232261269,55583,3232261125,80,37001,2.005539,100,0,4,2.35067,100,0,0.220831,4.97829,1
1490999,1,3232261267,42676,3232261127,80,87256,1.572234,78,0,4,2.723168,78,0,0.246125,3.638741,1
1441555,1,3232261269,31285,3232261125,80,37812,0.152637,97,3.251474,4,3.395404,97,0,0.281737,3.64442,1
1425731,1,3232261270,35519,3232261123,80,21988,1.224598,100,1.734936,4,4.184073,100,0,0.586876,4.811515,1
347258,2,3232261267,9321,3232261127,80,83628,0,68,0,3,0,68,0,0.108828,0,1
93947,2,3232261269,17199,3232261125,80,92470,0,53,0,3,0,53,0,0.105528,0,1
1784242,2,3232261270,29070,3232261123,80,133001,0,87,0,3,0,100,0,0,0,1
789633,1,3232261270,47506,3232261123,80,172356,0.21342,100,4.134763,4,4.465967,100,0,0.403888,4.719966,1
1895011,2,3232261268,313,3232261123,80,243770,0,11,0.284212,1,0.284212,100,0,3.5185,0.284212,1
938039,1,3232261267,43914,3232261127,80,58605,0.445868,65,1.389425,4,2.386189,65,0,0.404293,2.601595,1
2895256,1,3232261268,47595,3232261123,80,4478,0.632538,100,2.760483,4,3.655024,100,0,0.729574,4.104623,1
2560574,2,3232261269,45575,3232261123,80,122887,0.142245,100,0,1,0.13805,100,0.056388,0.111955,0.324592,1
1612638,1,3232261269,10835,3232261125,80,208896,0.613451,83,3.285,4,3.916485,83,0,0.269802,4.628965,1
848984,1,3232261268,57640,3232261126,80,231707,1.782073,100,0,4,2.977746,100,0,0.262857,4.736487,1
2788082,1,3232261270,26550,3232261123,80,159465,1.96024,100,0,4,2.769713,100,0,0.404701,4.256198,1
3042792,1,3232261268,18152,3232261123,80,152014,0.634635,100,2.756526,4,3.654035,100,0,0.729537,4.103491,1
2177320,2,3232261267,46628,3232261123,80,1772,0.121339,100,2.711749,1,2.918256,100,0.338941,0.473429,3.007804,1
2494348,2,3232261269,37350,3232261123,80,56660,0.102708,100,0,3,0.059299,100,0,0.092983,0.237194,1
1889820,2,3232261269,60739,3232261123,80,238579,0,84,0,3,0,100,0,0,0,1
591744,2,3232261268,64749,3232261126,80,65963,0.016467,69,0,3,0.009507,69,0,0.053124,0.038029,1
1723740,2,3232261269,15107,3232261123,80,72499,0.058219,84,0,1,0.058219,100,0,0.189372,0.116437,1
31523,2,3232261268,11504,3232261126,80,30046,0.016013,100,0,3,0.008006,100,0,0.127531,0.040032,1
2948969,1,3232261269,22879,3232261123,80,58191,0.953,75,2.021455,4,2.7032,100,0,0.422687,4.050914,1
1196463,1,3232261267,11044,3232261127,80,54874,0.266299,95,3.2127,4,3.613393,95,0,0.217255,3.962287,1
3195283,1,3232261267,58220,3232261123,80,42355,0.823074,100,2.976783,4,3.98417,100,0,1.002761,4.992893,1
1988134,2,3232261267,31117,3232261123,80,74740,0.281593,100,3.18724,1,3.516842,100,0.071516,0.407686,3.875199,1
330670,2,3232261267,1139,3232261127,80,67040,0,100,0,3,0,100,0,0.114757,0,1
870836,1,3232261268,2840,3232261126,80,253559,0.113458,69,3.572722,4,3.665539,69,0,0.272964,3.8253,1
2321476,2,3232261267,1259,3232261123,80,145936,1.415438,100,0,3,1.999348,100,0,0.323813,3.083602,1
590569,2,3232261270,6779,3232261123,80,64788,0.006691,83,0.133557,1,0.142929,83,0.040327,0.100817,0.148751,1
1277394,1,3232261267,50471,3232261127,80,135805,1.824631,41,0,4,1.489083,41,0,0.201781,3.812516,1
746191,1,3232261269,24186,3232261125,80,128914,2.109751,100,0,4,2.107904,100,0,0.203181,4.340646,1
1969059,2,3232261268,27098,3232261123,80,55665,0.01739,61,3.464479,1,3.488342,100,0.087897,0.403444,3.505582,1
3618644,2,3232261269,36448,3232261123,3306,24079,0,25,0.197933,6,0.197933,100,25.261072,30.313288,0.197933,1
2704490,1,3232261269,4722,3232261123,80,75873,1.920814,100,0,4,2.716414,100,0,0.395146,4.085267,1
2233573,2,3232261269,15094,3232261123,80,58032,1.671106,91,0,3,2.360542,100,0,0.280742,3.639677,1
1755042,2,3232261268,30468,3232261123,80,103801,0.08091,100,0,1,0.08091,100,0,0.198433,0.161821,1
89881,2,3232261267,40147,3232261127,80,88404,0,100,0,3,0,100,0,0.125801,0,1
15047,2,3232261267,15485,3232261127,80,13570,0,100,0,3,0,100,0,0.096738,0,1
435952,2,3232261267,33848,3232261127,80,172323,0,51,0,3,0,51,0,0.167274,0,1
1392599,1,3232261269,39774,3232261125,80,251011,1.664706,100,0,4,2.033591,100,0,0.257509,3.60713,1
3605916,3,3232261123,771,3232261267,29719,11088,0,42,0,5,0,10,0,0,0,1
350257,2,3232261269,19884,3232261125,80,86627,1.875023,100,0,3,0.937512,100,0,0.122763,4.687558,1
3344565,1,3232261268,27512,3232261123,80,191637,1.281381,66,1.416793,4,3.228589,100,0,0.724159,4.165375,1
2582268,2,3232261267,36562,3232261123,80,144581,0.115242,100,0,3,0.066535,100,0,0.092893,0.266139,1
2010033,2,3232261267,37405,3232261123,80,96639,0.243249,51,3.08624,1,3.430056,100,0,0.354558,3.611921,1
1973132,2,3232261270,27950,3232261123,80,59738,2.205974,86,0,3,2.205974,100,0,0.136165,4.411948,1
199140,2,3232261269,46004,3232261125,80,197663,0,73,0,3,0,73,0,0.118376,0,1
1369049,1,3232261269,20476,3232261125,80,227460,1.745183,82,0,4,2.116142,82,0,0.240309,3.974873,1
2088892,2,3232261268,33690,3232261123,80,175498,1.8845,49,0,3,2.595228,100,0,0.272782,4.41782,1
1144478,1,3232261270,21674,3232261123,80,2889,1.103945,24,1.602155,4,3.681724,24,0,0.464904,4.918617,1
1614734,1,3232261269,11587,3232261125,80,210992,0.637369,71,3.286057,4,3.944753,71,0,0.268652,4.627703,1
1255384,1,3232261270,52036,3232261123,80,113795,1.807729,45,0,4,3.192852,45,0,0.461509,4.931107,1
2605171,2,3232261269,50341,3232261123,80,167484,0.146005,100,0,1,0.204874,100,0.05652,0.141199,0.329589,1
967893,1,3232261270,49421,3232261123,80,88459,1.791217,10,0,4,3.582413,10,0,0.446807,4.485567,1
2445151,2,3232261267,50959,3232261123,80,7462,1.084152,100,0,3,0.766611,100,0,0.095032,2.299834,1
61744,2,3232261269,8443,3232261125,80,60267,0,88,0,3,0,88,0,0.104214,0,1
2265439,2,3232261268,11,3232261123,80,89898,1.572268,85,0,3,2.217792,100,0,0.306683,3.464844,1
78703,2,3232261267,37182,3232261127,80,77226,0,85,0,3,0,85,0,0.125348,0,1
2309909,2,3232261270,40976,3232261123,80,134369,0.060522,64,3.607328,3,3.667843,100,0,0.269907,3.728358,1
1608794,1,3232261267,10103,3232261127,80,205052,1.780575,23,0,4,2.180726,23,0,0.271311,3.645618,1
3196138,1,3232261269,39802,3232261123,80,43210,0.993687,94,2.030816,4,3.435794,100,0,0.485508,4.163801,1
2564682,2,3232261267,30067,3232261123,80,126995,0.146738,100,0,1,0.084719,100,0,0.096366,0.338876,1
1278874,1,3232261267,50991,3232261127,80,137285,1.819038,95,0,4,1.484668,95,0,0.201568,3.791343,1
1637542,1,3232261269,21531,3232261125,80,233800,1.703774,77,0,4,2.807336,77,0,0.27925,4.600204,1
1814373,2,3232261268,45188,3232261123,80,163132,0,58,0,3,0,100,0,0,0,1
1885653,2,3232261268,62631,3232261123,80,234412,0,85,0,3,0,100,0,0,0,1
1501890,1,3232261268,57694,3232261126,80,98147,1.7457,66,0,4,3.023169,66,0,0.247676,4.063206,1
1925565,2,3232261270,29517,3232261123,80,12164,2.046747,32,0,1,2.129216,100,0.186768,0.40899,4.377587,1
1510033,1,3232261268,59376,3232261126,80,106290,1.745447,77,0,4,3.022755,77,0,0.24775,4.062544,1
907332,1,3232261267,37958,3232261127,80,27898,0.45317,62,1.370168,4,2.383111,62,0,0.404571,2.604741,1
119161,2,3232261269,24002,3232261125,80,117684,0,100,0,3,0,100,0,0.10742,0,1
1373474,1,3232261268,14672,3232261126,80,231885,2.089184,66,0,4,2.087514,66,0,0.188015,4.293126,1
2955673,1,3232261268,58830,3232261123,80,64895,0.630407,55,2.766119,4,3.657647,100,0,0.729068,4.105828,1
609777,2,3232261270,10638,3232261123,80,83996,0.017349,81,0.124333,1,0.143126,81,0.040185,0.100463,0.166182,1
